system,no_sent,no_corefs,sent_sentim_0,sent_sentim_1,sent_sentim_2,sent_sentim_3,sent_sentim_4,tok_sentim_0,tok_sentim_1,tok_sentim_2,tok_sentim_3,tok_sentim_4,no_openie,NUMBER,PERSON,LOCATION,DATE,ORGANIZATION,MISC,DURATION,TIME,SET,ORDINAL,MONEY,PERCENT,named_entities,CC,CD,DT,EX,FW,IN,JJ,JJR,JJS,LS,MD,NN,NNS,NNP,NNPS,PDT,POS,PRP,PRP$,RB,RBR,RBS,RP,SYM,TO,UH,VB,VBD,VBG,VBN,VBP,VBZ,WDT,WP,WP$,WRB,``,0,,,'',:,,,$,-LRB-,-RRB-,-LCB-,-RCB-,Attribution[S][N],Background[N][S],Background[S][N],Cause[N][S],Cause[S][N],Comparison[N][N],Comparison[N][S],Condition[N][S],Condition[S][N],Contrast[N][N],Contrast[N][S],Contrast[S][N],Elaboration[N][S],Enablement[N][S],Enablement[S][N],Evaluation[N][S],Evaluation[S][N],Explanation[N][S],Joint[N][N],same-unit[N][N],Summary[N][S],Temporal[N][N],Temporal[N][S],Temporal[S][N],textual-organization[N][N]
D31001.M.100.T.C,5,6,0,5,0,0,0,0,5,106,3,0,51,1,5,0,0,5,2,0,0,0,0,0,0,13,1,1,13,0,0,18,7,0,1,0,1,13,7,10,0,0,1,2,2,1,0,1,0,0,2,0,3,7,2,6,0,2,2,1,0,0,0,5,5,0,0,0,0,0,0,0,0,1,0,0,0,0,0,0,0,0,0,0,0,9,0,0,0,0,0,1,2,0,0,0,0,0,0,13
D31009.M.100.T.C,5,2,0,4,1,0,0,0,3,102,6,0,30,0,11,0,2,4,3,2,0,0,0,0,0,22,3,1,10,0,0,14,11,0,0,0,0,16,7,19,0,0,0,1,1,0,0,0,0,0,3,0,4,8,1,2,0,0,0,0,0,0,0,5,5,0,0,0,0,0,0,0,0,1,0,0,0,0,0,0,0,0,0,0,0,6,1,0,0,0,0,1,0,0,0,0,0,0,0,9
D30028.M.100.T.A,5,5,0,5,0,0,0,0,2,105,4,0,23,1,3,15,3,0,3,0,0,0,0,0,0,25,6,2,9,0,0,10,10,0,0,0,0,14,5,20,0,0,2,0,3,2,0,0,0,0,2,0,2,7,4,3,0,0,0,0,0,0,0,5,5,0,0,0,0,0,0,0,0,2,1,1,0,0,0,0,0,0,0,1,0,5,0,0,0,0,0,2,0,0,0,0,0,0,0,12
D30026.M.100.T.C,5,5,0,4,0,1,0,0,0,101,2,0,20,1,0,0,0,13,0,0,0,0,0,0,0,14,2,1,8,0,0,11,3,0,0,0,1,18,4,17,1,0,0,1,4,0,0,0,0,0,6,0,5,2,2,2,1,4,0,0,0,0,0,5,5,0,0,0,0,0,0,0,0,1,1,1,1,0,0,0,0,0,0,0,0,6,0,0,0,0,0,0,0,0,0,0,0,0,0,10
D31001.M.100.T.D,5,4,0,5,0,0,0,0,4,114,0,0,15,0,6,2,0,17,3,0,0,0,0,0,0,28,3,0,10,0,0,12,3,0,1,0,3,15,5,25,0,0,3,2,1,3,0,0,0,0,1,0,4,5,0,6,1,1,0,1,0,0,0,5,8,0,0,0,0,0,0,0,0,1,0,0,1,0,0,0,1,2,0,0,0,7,0,0,0,0,0,0,2,0,0,0,0,0,0,14
D30010.M.100.T.H,6,4,0,5,1,0,0,0,5,107,2,0,40,2,6,4,0,9,4,0,0,0,0,0,0,25,3,2,14,0,0,11,8,0,0,0,0,16,4,20,1,0,0,0,0,5,0,0,0,0,0,0,1,4,2,5,1,2,0,0,0,0,0,6,9,0,0,0,0,0,0,0,0,2,0,1,0,0,0,0,0,0,0,0,0,3,0,0,0,0,2,1,0,0,0,0,0,0,0,9
D30033.M.100.T.E,8,3,0,7,0,1,0,0,3,116,4,0,30,2,0,5,3,3,3,0,0,0,0,0,0,16,2,3,13,0,0,10,12,1,0,0,4,22,5,9,0,0,1,2,1,5,0,0,1,0,2,0,5,3,3,2,0,3,0,0,0,2,0,8,4,0,0,0,0,0,0,0,0,1,1,0,0,0,0,0,0,0,0,0,0,9,0,0,0,0,0,0,1,0,0,0,0,0,0,12
D31033.M.100.T.F,7,5,0,4,2,1,0,0,1,118,1,0,29,0,3,0,3,12,0,1,0,0,0,0,0,19,5,3,9,0,0,6,8,0,0,0,0,14,6,20,0,0,1,1,3,0,0,0,0,0,7,0,7,8,0,3,1,3,1,0,0,0,0,7,7,0,0,0,0,0,0,0,0,0,0,0,0,0,0,0,0,0,0,0,1,7,2,0,0,0,0,3,0,0,0,0,0,0,0,13
D31022.M.100.T.E,8,4,0,5,2,1,0,0,3,117,2,0,33,4,0,2,1,2,1,3,0,0,1,0,0,14,2,5,16,0,0,11,9,1,1,0,1,19,6,6,0,0,0,2,0,5,0,0,0,0,3,0,3,9,4,3,2,2,0,0,0,1,0,8,3,0,0,0,0,0,0,0,0,3,0,0,0,0,0,0,0,0,0,0,1,6,0,0,1,0,2,1,0,0,0,1,0,0,0,15
D30003.M.100.T.B,8,5,0,6,2,0,0,0,6,108,0,0,57,0,6,2,3,1,7,0,0,0,0,0,0,19,3,2,8,0,0,15,10,0,0,0,1,18,5,10,1,0,2,3,6,3,0,0,0,0,0,0,1,10,2,3,1,0,0,0,0,0,0,8,2,0,0,0,0,0,0,0,0,4,0,0,0,0,0,0,0,0,0,0,0,8,0,0,0,0,0,1,0,0,0,0,0,0,0,13
D31031.M.100.T.C,5,3,0,5,0,0,0,0,4,105,2,0,24,0,1,1,4,6,1,0,0,0,1,0,0,14,1,1,12,2,0,15,4,0,0,0,1,18,8,10,1,0,1,1,0,3,0,0,0,0,4,0,5,5,2,5,1,3,1,0,0,1,0,5,1,0,0,0,0,0,0,0,0,0,0,0,0,0,0,0,0,0,0,0,0,10,0,0,0,0,0,0,0,0,1,0,0,0,0,11
D30001.M.100.T.B,9,6,0,7,1,1,0,0,5,104,11,0,72,2,15,3,0,7,1,0,0,0,0,0,0,28,2,2,7,0,0,10,7,0,0,0,2,18,7,24,0,0,1,2,0,1,0,0,1,0,7,0,5,1,1,2,2,7,0,0,0,0,0,9,2,0,0,0,0,0,0,0,0,0,0,0,0,0,0,0,0,0,0,0,0,9,0,0,0,0,0,2,0,0,0,1,0,0,0,12
D30040.M.100.T.G,5,4,0,4,0,1,0,0,2,107,2,0,29,0,1,8,6,0,5,0,0,0,2,0,0,22,6,2,13,0,0,8,9,0,0,0,1,9,8,14,2,0,0,0,0,3,0,0,0,0,6,0,3,6,5,1,2,2,0,0,0,0,0,5,6,0,0,0,0,0,0,0,0,0,0,0,0,0,0,0,0,0,0,0,1,6,0,0,0,0,0,4,2,0,0,0,0,0,0,13
D30031.M.100.T.D,6,3,0,4,1,1,0,0,1,109,4,0,21,3,0,2,0,4,5,0,0,0,0,2,0,16,2,4,13,0,0,9,7,2,0,0,3,18,6,10,1,0,0,1,1,3,0,0,1,0,5,0,8,4,1,3,0,2,0,0,0,1,0,6,3,0,0,0,0,0,0,0,0,1,1,0,0,0,0,0,0,0,0,0,1,5,0,0,0,0,0,2,1,0,0,0,0,0,0,11
D30047.M.100.T.F,7,6,0,4,2,1,0,0,1,116,5,0,27,1,0,7,1,2,2,4,0,0,2,0,0,19,4,3,11,0,0,7,7,1,0,0,2,22,8,10,0,0,1,1,2,3,1,0,0,0,8,0,7,8,0,1,0,2,1,0,0,0,0,7,5,0,0,0,0,0,0,0,0,0,0,0,0,0,0,0,0,0,0,0,2,7,2,0,0,0,0,1,1,0,0,0,1,0,0,14
D30059.M.100.T.H,6,4,1,4,0,1,0,0,4,114,5,0,23,0,9,4,1,4,3,0,0,0,0,0,0,21,5,1,14,0,0,13,8,0,1,0,1,18,4,17,1,0,2,1,0,4,0,0,0,0,1,0,2,5,0,6,1,2,0,0,0,0,0,6,9,0,1,0,0,0,0,0,0,2,0,0,0,0,0,0,0,0,0,0,1,6,0,0,0,0,0,2,0,0,0,0,0,0,0,11
D30005.M.100.T.A,4,3,0,4,0,0,0,0,1,115,0,0,59,1,11,12,6,1,2,0,0,0,0,0,0,33,5,3,11,0,0,19,7,0,0,0,0,14,6,27,1,0,0,0,1,2,0,0,0,0,1,0,0,7,1,2,0,0,0,0,0,0,1,4,4,0,0,0,0,0,0,0,0,1,0,0,0,0,0,0,0,0,0,0,0,6,0,0,0,0,1,1,0,0,0,0,0,0,0,9
D30053.M.100.T.F,8,6,0,7,1,0,0,0,4,107,1,0,18,1,4,5,1,3,5,0,0,0,0,0,0,19,5,2,9,1,0,7,7,0,0,0,1,19,5,20,1,0,2,2,0,2,0,0,0,0,2,0,3,2,1,2,2,6,0,0,0,0,0,8,3,0,0,0,0,0,0,0,0,2,0,0,0,0,0,0,0,0,0,0,0,9,0,0,0,0,0,1,0,0,0,0,0,0,0,12
D31031.M.100.T.F,5,1,0,4,1,0,0,0,3,109,5,0,30,2,0,0,9,3,1,1,0,0,1,0,0,17,4,4,12,0,0,10,15,0,0,0,0,28,11,3,0,0,0,0,0,2,0,0,1,0,2,0,2,7,0,3,0,0,0,0,0,1,0,5,6,1,0,0,0,0,0,0,0,0,1,0,0,0,0,0,0,0,0,0,0,2,1,0,0,0,1,1,1,0,0,1,0,0,0,8
D30017.M.100.T.A,6,2,0,5,1,0,0,0,6,106,3,0,61,10,0,3,4,1,0,0,0,0,0,0,2,20,4,13,8,0,0,15,7,0,0,0,1,18,9,5,0,0,0,0,2,3,0,0,0,0,3,0,3,9,1,7,0,0,0,0,0,0,0,6,1,0,0,0,0,0,0,0,0,2,1,0,0,0,0,0,0,0,0,0,0,7,1,0,0,0,0,1,0,0,0,0,0,0,0,12
D30042.M.100.T.F,12,7,0,4,7,1,0,0,0,128,3,0,29,0,8,12,1,4,2,0,0,0,2,0,0,29,2,1,12,0,0,13,4,0,0,0,1,15,5,25,0,0,1,3,1,2,0,0,1,0,8,0,6,4,3,3,0,9,0,0,0,0,0,12,0,0,0,0,0,0,0,0,0,2,1,0,0,0,0,0,0,0,1,0,0,12,1,0,0,0,0,0,0,0,0,0,0,0,0,17
D30048.M.100.T.G,6,2,0,5,1,0,0,0,4,113,3,0,21,0,0,4,2,1,3,0,0,1,0,3,2,16,3,4,14,0,0,7,15,0,0,0,1,20,4,6,1,0,2,1,0,2,0,0,0,0,4,0,4,7,9,1,0,0,0,0,0,0,0,6,8,0,0,0,1,0,0,0,0,0,0,0,0,0,0,0,0,0,0,0,0,10,0,0,0,0,0,3,2,0,0,0,0,0,0,15
D31050.M.100.T.E,6,3,0,3,1,2,0,1,0,112,3,2,17,3,0,6,0,4,1,1,0,0,0,0,0,15,8,3,9,0,0,10,5,0,0,0,1,15,10,14,1,0,0,2,1,1,0,0,0,0,8,0,4,3,3,5,1,3,0,0,0,0,0,6,3,0,2,0,0,0,0,0,0,0,0,0,0,0,0,0,0,0,1,0,1,8,1,0,0,0,0,1,0,0,0,0,0,0,0,12
D30029.M.100.T.H,6,1,0,4,0,2,0,0,6,113,1,1,39,3,11,1,9,4,2,1,0,0,0,0,0,31,3,3,11,0,0,10,9,0,1,0,0,11,5,19,0,0,2,0,0,5,0,0,0,0,1,0,1,4,4,8,4,2,0,1,0,0,0,6,11,0,0,0,0,0,0,0,0,1,0,0,0,0,0,0,0,0,0,0,0,9,0,0,0,0,1,1,0,0,0,0,0,0,0,12
D31033.M.100.T.H,3,5,0,3,0,0,0,0,1,104,2,0,53,2,0,0,0,9,7,0,0,0,0,0,0,18,3,2,8,0,0,14,7,0,0,0,0,20,5,15,0,0,3,2,2,2,0,0,0,0,2,0,2,3,2,0,2,4,2,0,0,0,0,3,4,0,0,0,0,0,0,0,0,3,0,0,0,0,0,0,0,0,0,0,1,4,0,0,0,0,1,0,1,0,0,0,0,0,0,10
D31043.M.100.T.G,7,7,0,6,1,0,0,0,2,119,4,0,41,1,8,2,5,3,1,1,0,0,0,0,0,21,5,3,11,0,0,9,7,0,0,0,0,17,1,19,0,0,2,3,3,4,0,0,0,0,4,0,5,12,1,4,0,0,0,0,0,1,0,7,7,0,0,0,0,0,0,0,0,1,0,0,0,0,0,0,0,0,1,0,1,6,0,0,0,0,0,2,0,0,0,0,0,0,0,11
D30010.M.100.T.A,5,7,0,4,1,0,0,0,1,108,0,0,21,4,0,7,4,5,6,0,0,0,0,0,0,26,5,6,12,0,0,14,3,0,0,0,0,17,4,17,2,0,1,0,1,1,0,0,0,0,1,0,1,9,3,0,0,0,0,0,0,0,2,5,3,2,0,0,0,0,0,0,0,2,0,0,1,0,0,0,0,0,0,0,0,4,0,0,0,0,0,1,0,1,0,0,0,0,0,9
D30045.M.100.T.F,9,3,0,8,1,0,0,0,2,119,3,0,34,0,0,1,1,4,0,2,0,0,0,0,0,8,5,1,7,1,0,13,8,1,2,0,4,18,16,6,0,0,1,2,0,3,0,0,2,0,1,0,5,2,0,5,4,2,0,0,0,0,0,9,6,0,0,0,0,0,0,0,0,0,0,0,0,0,0,0,0,0,0,0,0,10,0,0,0,0,0,5,0,0,0,0,0,0,0,15
D31013.M.100.T.D,6,5,0,6,0,0,0,0,6,119,2,0,31,0,8,3,0,3,0,2,0,0,1,0,0,17,5,1,10,0,0,16,14,0,0,0,0,20,9,15,0,0,1,0,2,1,0,0,1,0,3,0,2,1,1,5,3,2,0,0,0,0,0,6,9,0,0,0,0,0,0,0,0,1,0,0,0,0,0,0,0,0,0,0,0,5,1,0,0,0,0,0,0,0,0,0,0,0,0,7
D30024.M.100.T.C,5,4,0,4,1,0,0,0,3,104,2,0,23,0,3,0,4,4,7,0,0,0,0,0,0,18,1,0,18,0,0,18,7,0,0,0,2,12,4,12,2,0,0,3,2,2,0,0,1,0,1,0,2,5,1,3,0,4,0,1,0,2,0,5,1,0,0,0,0,0,0,0,0,2,1,0,0,0,0,0,0,0,0,0,1,6,0,0,0,0,0,0,0,0,0,0,0,0,0,10
D30038.M.100.T.H,5,4,0,5,0,0,0,0,4,115,4,0,28,3,3,6,10,4,1,0,0,0,0,4,0,31,3,11,9,0,0,9,3,2,0,0,1,13,13,14,1,0,1,1,1,3,0,0,0,0,5,0,3,5,3,3,1,1,1,0,0,0,0,5,8,0,1,0,2,0,0,0,0,1,0,0,0,0,0,0,0,0,1,0,0,7,0,0,0,0,0,1,2,0,0,0,0,0,0,12
D31038.M.100.T.H,6,2,0,5,1,0,0,0,1,123,2,0,44,6,20,8,2,1,0,0,0,0,0,3,0,40,6,9,9,0,0,17,2,0,0,0,0,10,7,32,0,0,1,0,0,0,0,0,0,0,1,0,0,3,4,6,4,1,1,1,0,0,0,6,5,0,0,0,1,0,0,0,0,1,0,0,0,0,0,0,0,0,0,0,0,9,0,0,0,0,0,1,0,0,0,0,0,0,0,11
D30010.M.100.T.D,7,5,0,7,0,0,0,0,5,115,1,1,28,3,1,6,1,6,4,0,0,0,0,0,0,21,4,3,14,0,0,12,6,0,1,0,0,16,6,14,1,0,0,2,0,2,1,0,1,0,3,0,3,8,5,3,0,3,0,0,0,0,3,6,2,3,0,0,0,0,0,0,0,2,0,0,0,0,0,0,0,0,1,0,0,7,0,0,0,0,0,3,1,0,0,0,0,0,0,14
D30017.M.100.T.F,13,4,0,5,6,2,0,0,3,118,1,0,34,2,0,11,0,1,3,2,0,0,0,0,0,19,4,3,8,0,0,6,9,1,0,0,1,16,11,13,1,0,4,3,0,2,0,0,0,0,4,0,2,2,2,6,4,6,0,0,0,0,0,13,1,0,0,0,0,0,0,0,0,1,0,0,0,0,0,0,0,0,1,0,0,15,0,0,0,0,0,2,0,0,0,0,0,0,0,19
D30050.M.100.T.B,8,7,0,8,0,0,0,0,1,110,0,0,28,0,8,2,0,7,6,0,0,0,0,0,0,23,1,0,8,0,0,11,4,0,0,0,1,12,11,21,2,0,1,1,4,1,0,0,0,0,4,0,4,0,5,0,2,7,1,0,0,0,0,8,2,0,0,0,0,0,0,0,0,0,0,1,0,0,0,0,0,0,0,0,0,9,0,0,0,0,0,1,0,0,0,0,0,0,0,11
D31026.M.100.T.F,6,4,0,2,1,3,0,1,5,103,8,2,42,0,8,2,4,3,9,0,0,0,2,0,0,28,6,2,14,0,0,12,9,0,2,0,1,18,7,19,3,0,1,1,0,1,0,0,1,0,1,0,3,8,1,1,0,0,0,0,0,1,0,6,1,0,0,0,0,0,0,0,0,0,1,0,0,0,0,0,0,0,0,0,0,6,0,0,0,0,0,3,0,0,0,0,0,0,0,10
D30022.M.100.T.D,6,4,0,4,1,1,0,0,0,120,3,0,24,2,6,5,0,4,1,2,0,0,1,0,0,21,5,3,12,0,0,8,8,0,0,0,1,14,8,15,0,0,1,4,0,2,0,0,0,0,6,0,6,2,2,6,2,6,0,0,0,0,1,6,4,1,0,0,0,0,0,0,0,1,0,0,0,0,0,0,0,0,1,0,0,6,1,0,0,0,1,1,0,0,0,0,0,0,0,11
D30028.M.100.T.F,9,5,0,8,0,1,0,0,2,118,0,0,23,1,2,21,0,0,5,0,0,0,0,0,0,29,10,1,5,0,0,9,5,0,0,0,0,6,10,25,1,0,2,0,0,1,0,0,0,0,6,0,4,16,2,2,0,0,0,0,0,0,0,9,6,0,0,0,0,0,0,0,0,1,1,0,0,0,0,0,0,0,1,0,0,11,0,0,0,0,1,2,0,0,0,0,0,0,0,17
D30031.M.100.T.E,6,0,0,4,2,0,0,0,3,108,4,0,16,4,0,2,2,1,5,0,0,0,0,2,0,16,3,5,12,0,0,8,5,4,0,0,2,24,6,8,0,0,0,1,0,2,0,0,0,0,8,0,7,4,2,3,1,2,0,0,0,1,0,6,1,0,0,0,0,0,0,0,0,4,1,0,0,0,0,0,0,0,0,0,0,6,2,0,0,0,0,0,1,0,0,0,0,0,0,14
D30049.M.100.T.G,6,5,0,3,1,2,0,0,4,106,7,0,18,0,3,13,4,0,0,0,0,0,0,3,0,23,3,3,11,0,0,12,6,0,0,0,0,19,3,19,0,0,1,2,3,2,0,0,0,0,3,0,2,4,2,3,1,7,0,0,0,0,0,6,4,0,0,0,1,0,0,0,0,1,0,0,0,0,0,0,0,0,0,0,1,7,1,0,0,0,0,2,1,0,0,0,0,0,0,13
D30022.M.100.T.A,6,4,1,5,0,0,0,0,2,114,4,0,25,0,11,1,3,5,2,2,0,0,0,0,0,24,3,2,9,0,0,14,5,0,0,0,0,15,5,23,1,0,1,0,1,3,0,0,0,0,2,0,2,6,6,4,0,0,0,0,0,0,1,6,6,1,0,0,0,2,2,0,0,1,0,0,0,0,0,0,0,0,0,0,0,7,1,0,0,0,1,2,1,0,0,0,0,0,0,13
D30036.M.100.T.A,5,3,0,4,0,1,0,0,4,115,2,1,26,3,11,2,5,0,7,0,0,0,0,0,0,28,5,6,14,0,0,15,9,0,0,0,1,15,3,21,0,0,0,3,1,4,0,1,1,0,3,0,1,6,0,1,0,0,0,0,0,0,0,5,7,0,0,0,0,0,0,0,0,2,0,0,0,0,0,0,0,0,1,0,0,4,0,0,0,0,0,0,1,0,0,0,0,0,0,8
D30051.M.100.T.B,8,5,0,7,1,0,0,0,5,109,1,0,32,2,0,8,0,1,5,0,0,0,0,0,0,16,1,2,6,0,0,16,6,0,0,0,0,14,14,14,0,0,1,3,3,0,0,0,0,0,2,0,1,8,1,5,1,2,0,1,0,0,1,8,4,1,0,0,0,0,0,0,0,2,0,0,0,0,0,0,0,0,1,1,0,9,0,0,0,0,0,0,0,0,0,0,0,0,0,13
D30006.M.100.T.H,5,4,1,4,0,0,0,0,0,119,3,0,11,0,3,0,0,1,0,1,0,0,1,6,0,12,4,5,19,0,0,11,10,0,0,0,1,18,12,3,0,0,0,0,1,2,0,0,0,0,2,0,3,2,1,6,5,1,1,0,0,1,0,5,7,0,0,0,2,0,0,0,0,0,0,0,0,0,0,0,0,0,1,0,0,7,1,0,0,0,0,1,0,0,0,0,0,0,0,10
D31033.M.100.T.D,6,8,0,4,0,2,0,0,1,108,4,0,55,1,2,0,0,8,8,3,0,0,0,0,0,22,2,1,13,0,0,13,5,1,0,0,1,21,3,17,0,0,1,3,2,1,0,1,0,0,0,0,1,0,0,6,2,7,0,0,0,0,0,6,6,0,0,0,0,0,0,0,0,2,0,0,0,0,0,0,0,1,0,0,0,7,0,0,0,0,1,0,3,0,0,0,0,0,0,14
D30031.M.100.T.F,9,4,0,7,2,0,0,1,1,119,3,1,105,2,0,5,3,3,2,3,0,0,2,0,0,20,4,3,11,0,0,8,12,1,0,0,3,23,9,11,0,0,1,0,0,3,0,0,0,0,5,0,5,5,2,2,1,0,0,0,0,0,0,9,7,0,0,0,0,0,0,0,0,0,1,0,0,0,0,0,0,0,0,0,0,10,0,0,0,0,0,0,0,0,0,0,0,0,0,11
D30029.M.100.T.F,10,4,0,6,2,2,0,0,3,117,4,0,27,4,4,2,0,4,2,2,0,0,0,0,0,18,5,5,6,0,0,9,9,0,0,0,0,13,11,15,0,0,2,0,1,3,0,0,0,0,3,0,2,18,1,4,0,0,1,0,0,0,0,10,6,0,0,0,0,0,0,0,0,3,1,0,0,0,0,0,0,0,0,0,0,9,0,0,1,0,1,2,1,0,0,0,0,0,0,18
D30048.M.100.T.B,8,3,0,6,1,1,0,0,3,108,4,0,24,0,2,4,2,4,3,0,0,0,0,3,0,18,3,2,12,0,0,12,12,0,0,0,4,22,10,12,0,0,0,1,2,0,1,0,0,0,3,0,7,0,1,0,0,2,0,0,0,0,0,8,0,0,0,0,1,0,0,0,0,0,0,0,0,0,0,0,0,0,0,0,0,8,0,0,0,0,0,2,0,0,0,0,0,0,0,10
D30015.M.100.T.H,5,5,0,5,0,0,0,0,4,104,3,0,56,0,2,6,2,3,4,0,0,0,0,0,0,17,3,0,10,0,0,8,10,0,0,0,2,10,11,11,0,0,0,2,0,4,0,0,0,0,4,0,6,4,2,6,5,1,0,0,0,0,0,5,7,0,0,0,0,0,0,0,0,4,0,0,0,0,0,0,0,0,0,0,2,6,1,0,0,0,0,1,1,0,0,0,0,0,0,15
D30007.M.100.T.B,11,4,0,8,3,0,0,0,5,107,2,0,24,2,3,4,0,1,2,2,0,0,0,0,0,14,4,3,2,0,0,14,6,0,0,0,0,21,20,9,0,0,0,1,1,3,0,0,0,0,0,0,2,0,3,0,6,2,0,0,0,0,0,11,4,0,2,0,0,0,0,0,0,0,1,0,0,0,0,0,0,0,0,0,0,10,0,0,0,0,1,3,0,0,0,0,0,0,0,15
D30020.M.100.T.C,5,4,0,5,0,0,0,0,3,104,2,0,24,2,0,5,0,3,3,0,0,1,1,0,0,15,4,2,13,1,0,14,7,0,0,0,2,15,11,9,2,0,0,1,2,3,0,0,0,0,2,0,4,4,1,2,1,0,0,0,0,1,0,5,3,0,0,0,0,0,0,0,0,2,1,0,0,0,0,0,0,0,0,0,1,5,0,0,0,0,0,1,0,0,0,0,0,0,0,10
D30011.M.100.T.E,6,2,0,6,0,0,0,0,4,102,5,0,24,0,12,1,0,0,0,2,0,0,0,0,0,15,3,1,5,0,0,16,8,0,0,0,1,14,3,18,0,0,1,2,1,4,0,0,1,0,1,0,1,6,2,7,0,4,1,0,0,0,0,6,5,0,0,0,0,0,0,0,0,0,0,0,0,0,0,0,0,1,0,0,0,7,0,0,0,0,0,3,3,0,0,0,0,0,0,14
D30015.M.100.T.E,5,5,0,5,0,0,0,0,3,113,3,0,11,0,5,6,0,3,3,0,0,0,0,0,0,17,4,0,8,0,0,13,10,0,0,0,3,14,5,16,0,0,2,4,1,3,0,0,1,0,2,0,7,4,3,5,1,3,0,0,0,0,2,5,1,2,0,0,0,0,0,0,0,5,0,0,0,0,0,0,0,0,1,0,0,6,1,0,0,0,0,1,1,0,0,0,0,0,0,15
D30011.M.100.T.A,6,2,0,5,1,0,0,0,2,105,1,0,43,0,10,1,2,0,2,2,0,0,0,0,0,17,5,2,6,0,0,9,9,0,0,0,0,19,4,15,0,0,1,2,3,5,0,0,0,0,1,0,3,12,1,1,0,0,0,0,0,1,0,6,3,0,0,0,0,0,0,0,0,0,2,0,0,0,0,0,0,0,1,0,1,6,0,0,0,0,0,1,1,0,0,0,0,0,0,12
D30026.M.100.T.H,5,4,0,3,0,2,0,1,1,112,4,0,24,0,0,0,0,10,1,0,0,0,0,0,0,11,3,0,14,0,0,10,6,1,0,0,2,25,6,11,0,0,0,0,1,2,0,0,1,0,6,0,6,1,3,2,0,5,0,0,0,0,0,5,8,0,0,0,0,0,0,0,0,1,0,0,0,0,0,0,0,0,0,0,0,6,0,0,0,0,0,4,2,0,0,0,0,0,0,13
D30046.M.100.T.E,5,8,0,4,0,1,0,0,3,109,2,0,25,0,5,0,0,4,2,0,0,0,0,0,0,11,6,0,15,0,0,10,9,0,0,0,0,18,2,11,0,0,0,4,3,3,0,0,0,0,5,0,8,4,1,1,2,2,0,1,0,0,0,5,4,0,0,0,0,0,0,0,0,1,0,0,0,0,0,0,0,0,0,0,0,5,1,0,0,0,0,4,1,0,0,0,0,0,0,12
D30037.M.100.T.D,5,3,0,4,0,1,0,0,4,112,2,0,39,3,6,3,0,0,2,0,0,0,0,0,0,14,4,3,10,0,0,19,7,0,0,0,1,21,3,12,1,0,1,2,2,3,0,0,0,0,2,0,4,1,1,3,1,7,0,0,0,0,1,5,2,1,1,0,0,0,0,0,0,1,0,0,0,0,0,0,0,0,0,0,0,5,0,0,0,0,0,3,0,0,0,0,0,0,0,9
D30010.M.100.T.B,7,5,0,3,4,0,0,0,6,116,0,0,22,3,0,6,1,5,7,1,0,0,1,0,0,24,3,3,7,0,0,16,6,1,0,0,1,18,9,14,1,0,0,0,2,4,0,0,0,0,3,0,5,7,3,3,0,1,1,0,0,0,0,7,5,0,0,0,0,1,1,0,0,1,0,0,1,0,0,0,0,0,0,0,0,8,1,0,0,0,1,2,2,0,0,0,0,0,0,16
D30044.M.100.T.B,11,4,0,7,4,0,0,0,2,120,1,0,42,1,3,9,0,1,8,1,0,0,1,0,0,24,1,1,11,0,0,8,9,0,0,0,0,23,2,15,3,0,2,3,2,0,0,0,0,0,7,0,4,10,1,3,2,1,0,1,0,1,0,11,2,0,0,0,0,0,0,0,0,0,0,0,0,0,0,0,0,0,0,0,0,14,2,0,0,0,1,0,0,0,0,0,0,0,0,17
D30036.M.100.T.H,5,3,1,1,0,3,0,0,0,111,4,1,21,2,12,0,2,2,4,0,0,0,1,0,0,23,4,4,11,0,0,9,10,0,0,0,0,15,7,20,0,0,0,1,2,2,0,0,0,0,3,0,2,4,2,0,1,3,0,0,0,1,0,5,9,0,1,0,0,0,0,0,0,2,0,0,0,0,0,0,0,0,1,0,0,5,0,0,0,0,2,0,1,0,0,0,0,0,0,11
D30007.M.100.T.D,5,2,0,4,1,0,0,0,2,117,0,0,19,2,2,2,0,0,3,0,0,0,0,0,0,9,6,2,14,0,0,12,8,0,0,0,0,16,9,4,3,0,1,1,0,4,0,0,1,0,0,0,0,3,4,5,4,6,2,1,0,0,0,5,7,0,1,0,0,0,0,0,0,2,0,0,1,0,0,0,0,0,2,0,0,8,0,0,0,0,0,0,2,0,0,0,0,0,0,15
D30002.M.100.T.B,10,1,0,8,2,0,0,0,3,127,1,0,43,14,3,11,0,1,2,5,0,0,0,3,0,39,3,16,6,0,0,16,6,0,1,0,0,11,13,18,0,0,1,0,0,0,0,0,0,0,6,0,1,10,1,2,1,0,0,0,0,0,0,10,8,0,0,0,1,0,0,0,0,0,0,0,0,0,0,0,0,0,0,0,0,9,0,0,0,0,1,0,0,0,0,0,0,0,0,10
D30028.M.100.T.C,5,7,0,4,1,0,0,0,1,110,2,0,21,3,1,14,0,0,4,0,0,0,0,0,0,22,3,3,11,0,0,16,5,0,0,0,0,13,9,16,0,0,0,0,2,1,0,0,0,0,6,0,4,2,2,7,1,6,0,0,0,0,0,5,1,0,0,0,0,0,0,0,0,5,0,0,0,0,0,0,0,0,0,0,1,7,1,0,0,0,0,1,0,0,0,0,0,0,0,15
D30040.M.100.T.A,5,2,0,5,0,0,0,0,1,112,2,0,54,0,2,6,9,2,8,0,0,0,1,0,0,28,3,2,12,0,0,16,6,0,0,0,0,19,3,14,3,0,1,0,1,6,0,0,0,0,3,0,2,7,4,1,0,0,0,0,0,0,1,5,5,1,0,0,0,0,0,0,0,0,0,0,0,0,0,0,0,0,0,1,1,6,1,0,0,0,0,0,0,0,0,0,0,0,0,9
D31008.M.100.T.C,5,5,0,4,0,1,0,1,4,104,2,0,22,2,8,2,0,3,0,0,0,0,2,0,0,17,3,2,10,0,0,11,8,0,0,0,0,12,9,13,0,0,1,1,0,3,0,0,0,0,4,0,3,7,1,9,0,0,0,1,0,0,0,5,8,0,0,0,0,0,0,0,0,1,0,1,0,0,0,0,0,0,0,0,0,8,0,0,0,0,0,1,1,0,0,0,0,0,0,12
D30059.M.100.T.B,11,3,0,3,8,0,0,0,0,118,4,0,44,0,5,2,1,2,2,0,0,0,1,0,0,13,4,1,7,0,0,9,8,0,0,0,2,22,5,7,0,0,1,6,3,1,0,0,1,0,5,0,5,13,0,7,0,1,0,0,0,0,0,11,3,0,0,0,0,0,0,0,0,0,1,0,0,0,0,0,0,0,1,0,0,6,1,0,0,0,1,5,1,0,0,0,0,0,0,16
D31043.M.100.T.H,6,5,1,4,0,0,1,0,2,114,4,1,20,2,6,2,1,1,0,0,0,0,0,0,0,12,2,3,9,0,0,7,10,0,0,0,1,16,1,12,0,0,4,4,1,4,0,0,1,0,6,0,6,6,2,3,0,4,0,1,0,1,0,6,11,0,0,0,0,0,0,0,0,1,1,0,0,0,0,0,0,0,0,0,0,9,0,0,0,0,0,1,2,0,0,0,0,0,0,14
D30017.M.100.T.B,11,4,0,7,3,1,0,1,4,123,3,0,29,7,0,14,4,1,2,4,0,0,0,0,0,32,2,8,9,0,0,11,9,0,0,0,4,18,8,15,1,0,1,1,3,3,0,0,0,0,6,0,5,2,2,4,2,4,0,0,0,0,0,11,2,0,0,0,0,0,0,0,0,0,0,0,0,0,0,0,0,0,0,0,0,12,0,0,0,0,0,1,0,0,0,0,0,0,0,13
D30050.M.100.T.E,7,2,0,6,1,0,0,0,0,111,2,1,35,0,5,3,0,4,4,0,0,0,0,0,0,16,1,0,10,0,0,13,5,0,0,0,2,9,13,16,1,0,1,1,3,1,0,0,0,0,5,0,7,1,7,0,4,1,0,0,0,0,1,7,4,1,0,0,0,0,0,0,0,1,0,0,0,0,0,0,0,0,0,0,0,7,2,0,0,0,0,2,0,0,0,0,0,0,0,12
D30020.M.100.T.E,4,4,0,3,1,0,0,1,4,107,4,1,30,1,0,9,2,0,3,0,1,0,0,0,0,16,5,2,11,0,0,15,8,0,0,0,1,23,9,11,1,0,4,0,0,2,0,0,0,0,2,0,4,4,2,1,0,1,0,0,0,0,0,4,7,0,0,0,0,0,0,0,0,0,0,0,1,0,0,0,0,0,0,0,0,3,0,0,0,0,2,1,1,0,0,0,0,0,0,8
D30017.M.100.T.G,6,2,0,3,1,2,0,1,5,114,4,0,45,0,0,12,3,0,2,0,0,0,0,0,2,19,7,1,7,0,0,9,16,1,1,0,1,17,5,12,0,0,0,1,0,2,0,1,1,0,5,0,4,0,6,3,3,4,0,0,0,0,0,6,11,0,0,0,0,0,0,0,0,1,0,0,0,0,0,0,0,0,1,0,0,8,0,0,0,0,0,2,1,0,0,0,0,0,0,13
D30056.M.100.T.B,10,6,0,8,2,0,0,0,2,119,3,0,28,5,0,2,0,2,5,4,0,0,0,0,0,18,0,6,16,0,0,13,8,0,0,0,0,16,14,4,0,0,0,4,1,0,0,0,0,0,1,0,1,11,3,8,2,0,1,0,0,0,0,10,5,0,0,0,0,0,0,0,0,1,0,0,0,0,0,0,0,0,0,0,0,12,0,0,0,0,1,0,2,0,0,0,0,0,0,16
D30046.M.100.T.H,5,5,0,4,1,0,0,0,2,120,0,0,28,1,6,0,0,4,2,0,0,0,0,0,0,13,3,1,13,0,0,18,4,0,0,0,5,16,5,13,1,0,1,2,1,5,0,0,0,0,2,0,7,4,0,2,1,1,0,1,0,0,1,5,7,1,0,0,0,1,1,0,0,3,0,1,0,0,0,0,0,0,1,0,0,6,0,0,0,0,0,2,2,0,0,0,0,0,0,15
D30027.M.100.T.A,5,4,0,5,0,0,0,0,4,104,1,0,43,0,4,2,2,5,2,0,0,0,0,0,0,15,1,1,7,2,0,13,11,0,1,0,1,13,3,15,1,0,1,1,0,4,0,0,1,0,0,0,1,10,3,2,0,1,0,0,0,2,1,5,5,1,0,0,0,1,1,0,0,2,0,1,0,0,0,0,0,0,0,0,0,8,0,0,0,0,1,1,2,0,0,1,0,0,0,16
D30046.M.100.T.B,10,3,0,7,2,1,0,0,6,113,2,0,23,0,13,0,1,4,2,0,0,0,0,0,0,20,2,0,6,0,0,8,5,0,0,0,0,12,4,18,1,0,2,3,4,1,0,0,1,0,7,0,6,11,1,7,2,0,0,1,0,1,2,10,4,2,0,0,0,0,0,0,0,1,0,1,0,0,0,0,0,0,0,0,0,10,3,0,0,0,1,1,1,0,0,0,0,0,0,18
D30003.M.100.T.F,5,3,0,4,1,0,0,0,15,88,3,0,20,0,5,5,0,0,7,1,0,0,0,0,0,18,5,0,3,0,0,9,16,0,0,0,1,14,8,12,0,0,2,0,1,4,0,0,0,0,2,0,5,3,1,4,3,3,0,0,0,0,0,5,5,0,0,0,0,0,0,0,0,0,0,0,1,0,0,0,0,0,0,0,0,5,0,0,0,0,0,1,0,0,0,1,0,0,0,8
D30001.M.100.T.A,6,6,0,5,0,1,0,0,2,112,4,0,35,0,15,2,3,3,0,0,0,0,0,0,0,23,5,1,9,0,0,15,2,0,0,0,0,20,6,26,0,0,3,1,1,1,0,0,2,0,3,0,1,8,3,1,1,0,0,0,0,0,0,6,3,0,0,0,0,0,0,0,0,2,0,1,0,0,0,0,0,0,0,0,1,8,0,0,0,0,0,0,0,0,0,0,0,0,0,12
D30024.M.100.T.D,7,5,0,5,2,0,0,0,5,103,1,0,41,0,11,1,1,4,6,0,0,0,0,0,0,23,3,1,7,0,0,13,5,0,1,0,0,9,4,21,5,0,0,1,3,2,0,0,0,0,6,0,4,9,1,1,0,0,0,0,0,0,1,7,4,1,0,0,0,0,0,0,0,0,1,0,1,0,0,0,0,0,1,0,0,2,0,0,0,0,1,2,1,0,0,0,0,0,0,9
D30049.M.100.T.E,7,3,0,5,2,0,0,0,4,108,4,0,27,0,1,18,0,0,2,0,0,0,0,2,0,23,3,1,11,0,0,7,10,0,0,0,0,16,9,20,0,0,1,0,0,1,0,0,0,0,9,0,7,3,0,2,0,7,0,0,0,0,0,7,1,0,0,0,1,0,0,0,0,1,0,0,0,0,0,0,1,0,0,0,0,6,1,0,0,0,0,4,0,0,0,0,0,0,0,13
D30034.M.100.T.F,10,6,0,9,1,0,0,0,2,116,2,0,27,0,3,12,2,4,9,0,0,0,0,0,0,30,4,1,7,0,0,7,9,0,0,0,0,12,10,24,0,0,1,1,1,2,0,0,0,0,4,0,4,7,1,6,3,3,0,0,0,0,0,10,3,0,0,0,0,0,0,0,0,1,0,0,0,0,0,0,0,0,0,0,0,9,2,0,0,0,1,0,1,0,0,0,0,0,0,14
D31008.M.100.T.E,6,3,0,4,2,0,0,0,5,107,4,0,17,1,1,3,2,1,0,2,0,0,0,0,0,10,4,2,11,0,0,18,6,0,0,0,0,17,16,11,0,0,0,0,0,1,0,0,0,0,3,0,2,5,3,5,0,0,0,1,0,0,0,6,5,0,0,0,0,0,0,0,0,1,0,0,0,0,0,0,0,0,0,0,0,7,0,0,0,0,0,3,1,0,0,0,0,0,0,12
D30055.M.100.T.F,6,4,0,3,2,1,0,0,2,116,6,0,46,2,5,5,0,4,1,1,0,0,1,0,0,19,3,2,8,0,0,13,11,0,0,0,0,21,6,16,0,0,8,2,1,2,0,0,0,0,3,0,3,8,0,4,0,0,1,0,1,0,1,6,4,0,0,0,0,0,0,0,0,1,0,0,0,0,0,0,0,0,0,0,0,8,0,0,0,0,0,1,0,0,0,0,0,0,0,10
D30053.M.100.T.G,9,2,0,7,1,1,0,0,4,106,5,0,28,0,3,3,2,0,4,0,0,0,0,0,0,12,5,1,8,0,0,9,5,1,0,0,2,15,7,8,0,0,0,1,0,8,0,0,0,0,8,0,9,10,1,4,0,0,1,1,0,0,0,9,2,0,0,0,0,0,0,0,0,1,0,0,1,0,0,0,0,0,1,0,0,12,0,0,0,0,0,1,0,0,0,0,0,0,0,16
D30026.M.100.T.D,6,4,0,5,1,0,0,0,1,102,6,1,44,0,0,0,0,9,1,1,0,0,0,0,0,11,4,0,11,0,0,12,6,0,1,0,1,20,6,11,1,0,0,2,2,1,1,0,0,0,3,0,5,5,6,1,0,1,1,0,0,0,0,6,3,0,0,0,0,0,0,0,0,1,0,0,0,0,0,0,0,0,1,0,0,7,1,1,0,0,0,2,0,0,0,0,0,0,0,13
D30022.M.100.T.F,9,5,0,8,1,0,0,0,2,108,4,0,22,2,1,4,0,5,0,2,0,0,0,0,0,14,3,3,12,0,0,7,5,0,0,0,0,17,10,11,0,0,3,2,1,2,0,0,1,0,5,0,2,12,4,4,0,0,0,0,0,0,0,9,1,0,0,0,0,0,0,0,0,0,0,0,1,0,0,0,0,0,0,0,0,10,0,0,0,0,1,2,0,0,0,0,0,0,0,14
D31008.M.100.T.D,6,3,0,4,2,0,0,0,8,103,2,0,21,2,3,0,2,7,0,2,0,0,0,0,0,16,4,2,12,0,0,11,6,0,0,0,0,17,8,10,0,0,0,0,0,1,0,0,0,0,4,0,2,10,3,9,0,0,0,0,0,0,1,6,4,1,0,0,0,1,1,0,0,0,1,0,0,0,0,0,0,0,1,0,0,8,0,0,0,0,0,4,0,1,0,0,0,0,0,15
D30029.M.100.T.A,6,6,0,5,1,0,0,0,4,113,5,0,30,7,4,3,15,0,1,3,0,0,0,0,0,33,5,8,11,0,0,18,12,0,0,0,0,15,10,12,0,0,2,0,0,3,0,0,0,0,1,0,1,7,2,6,0,0,0,0,0,0,0,6,3,0,0,0,0,0,0,0,0,2,0,0,0,0,0,0,0,0,0,0,0,6,0,0,2,0,0,0,1,0,0,0,0,0,0,11
D30042.M.100.T.C,5,5,0,3,0,2,0,0,1,110,1,1,27,1,2,6,2,4,2,0,0,0,1,0,0,18,1,3,15,1,0,19,3,0,0,0,2,18,6,13,0,0,0,1,0,2,0,0,1,0,3,0,4,1,0,7,1,5,0,0,0,0,0,5,2,0,0,0,0,0,0,0,0,1,0,0,0,0,0,0,0,0,0,0,0,7,0,0,0,0,0,1,0,0,0,0,0,0,0,9
D30038.M.100.T.F,11,4,0,7,2,2,0,0,0,138,1,0,12,1,6,5,5,8,3,0,0,0,1,7,2,38,4,10,9,0,0,10,3,0,0,0,5,16,11,23,0,0,2,1,0,2,0,0,0,0,4,0,6,6,0,3,0,5,0,0,0,0,0,11,5,0,0,0,3,0,0,0,0,5,0,0,0,0,0,0,0,0,0,0,0,8,0,0,0,0,2,0,0,0,0,0,0,0,0,15
D31038.M.100.T.G,9,6,0,7,2,0,0,0,3,121,6,0,31,6,7,13,7,1,0,0,0,0,0,3,0,37,6,10,12,0,0,12,1,0,0,0,0,13,7,23,0,0,0,2,2,2,1,0,0,0,1,0,1,13,2,8,0,0,0,0,0,1,0,9,3,0,0,0,1,0,0,0,0,1,0,0,0,0,0,0,0,0,0,0,0,11,0,0,0,0,0,3,0,0,0,0,0,0,0,15
D30055.M.100.T.B,9,4,0,8,0,1,0,0,1,119,5,0,37,0,7,1,3,4,0,1,0,0,0,0,0,16,4,2,10,0,0,10,6,0,0,0,2,21,3,15,0,0,3,2,2,1,0,0,0,0,7,0,8,7,4,5,0,2,0,0,0,0,0,9,2,0,0,0,0,0,0,0,0,1,1,0,0,0,0,0,0,0,0,0,0,10,1,0,0,0,0,1,0,0,0,0,0,0,0,14
D30050.M.100.T.D,6,2,0,6,0,0,0,0,4,100,7,0,24,0,7,3,2,4,2,0,0,0,0,0,0,18,4,0,14,0,0,13,8,0,0,0,0,18,5,16,1,0,2,0,0,2,0,0,0,0,3,0,2,0,2,3,2,6,1,0,0,0,0,6,3,0,0,0,0,0,0,0,0,0,0,0,0,0,0,0,0,0,0,0,0,7,0,0,0,0,0,1,1,0,0,0,0,0,0,9
D31038.M.100.T.D,7,5,0,6,1,0,0,0,2,102,9,1,30,4,5,10,0,3,3,0,0,0,0,0,0,25,3,4,12,0,1,17,6,0,0,0,0,15,8,16,2,0,0,1,1,1,0,0,0,0,0,0,0,2,2,5,4,3,0,0,0,0,0,7,4,0,0,0,0,0,0,0,0,1,0,0,0,0,0,0,0,0,0,0,0,8,0,0,0,0,0,1,0,0,0,0,0,0,0,10
D30015.M.100.T.B,8,7,0,6,1,1,0,0,4,109,5,0,21,0,5,8,5,7,1,0,0,0,0,0,0,26,3,1,1,0,0,11,8,0,1,0,0,19,9,19,0,0,0,2,1,5,0,0,1,0,4,0,5,1,3,2,3,8,0,0,0,0,0,8,3,0,0,0,0,0,0,0,0,3,0,0,0,0,0,0,0,0,0,0,1,9,2,0,0,0,0,1,0,0,1,0,0,0,0,17
D30006.M.100.T.C,4,6,0,4,0,0,0,0,0,113,3,0,27,0,0,0,1,5,0,2,0,0,1,3,0,12,1,3,14,0,0,16,4,0,0,0,1,25,5,6,0,0,2,3,2,4,0,0,0,0,3,0,2,2,3,2,1,6,2,0,0,1,0,4,3,0,0,0,1,0,0,0,0,0,1,0,0,0,0,0,0,0,0,0,0,8,0,0,0,0,0,0,2,0,0,0,0,0,0,11
D30045.M.100.T.C,6,4,0,6,0,0,0,0,1,124,1,0,22,1,0,1,4,5,0,0,0,0,0,0,0,11,5,1,15,0,0,12,6,0,2,0,6,16,14,7,0,1,1,5,0,1,0,0,0,0,1,0,7,1,4,3,3,1,1,0,0,0,0,6,7,0,0,0,0,0,0,0,0,1,0,0,0,0,0,0,0,0,0,0,0,9,0,0,0,0,0,1,1,0,0,0,0,0,0,12
D31013.M.100.T.H,4,6,0,4,0,0,0,0,3,115,1,0,14,1,9,1,4,1,0,0,0,0,0,0,0,16,4,3,15,0,0,16,10,0,0,0,0,18,8,13,0,0,0,0,2,1,0,0,1,0,2,0,1,1,3,2,4,1,0,2,0,0,0,4,8,0,0,0,0,0,0,0,0,0,0,0,0,0,0,0,0,0,0,0,0,5,0,0,0,0,1,1,1,0,0,0,0,0,0,8
D31013.M.100.T.G,8,3,0,6,2,0,0,0,3,123,3,0,22,0,3,2,0,1,0,4,0,0,2,0,0,12,7,0,16,0,0,12,15,1,0,1,0,17,11,9,0,0,1,1,1,1,0,0,0,0,2,0,0,2,2,5,1,5,0,0,0,0,0,8,11,0,0,0,0,0,0,0,0,0,0,0,0,0,0,0,0,0,0,0,0,8,0,0,0,0,1,1,0,0,0,0,0,0,0,10
D30001.M.100.T.D,7,5,1,5,0,1,0,0,3,111,4,0,34,0,16,2,0,3,1,1,0,0,0,0,0,23,5,0,9,0,0,9,9,1,1,0,0,16,7,24,0,0,0,0,3,1,0,0,0,0,4,0,2,7,4,2,0,0,0,0,0,0,0,7,7,0,0,0,0,0,0,0,0,0,0,0,0,0,0,0,0,0,0,0,1,9,0,0,0,0,0,0,1,0,0,0,0,0,0,11
D30024.M.100.T.G,6,7,0,6,0,0,0,0,2,120,2,0,39,0,8,0,6,3,4,0,0,0,0,0,0,21,5,4,10,0,0,14,8,0,0,0,0,10,9,15,2,0,2,1,4,1,0,0,0,0,3,0,2,11,1,5,0,0,0,1,0,0,0,6,10,0,0,0,0,0,0,0,0,0,1,0,0,0,0,0,0,0,0,0,1,7,0,0,0,0,0,0,1,0,0,1,0,0,0,11
D30034.M.100.T.G,5,4,0,4,0,1,0,0,2,113,5,0,15,0,0,12,4,4,3,0,0,0,0,0,0,23,8,1,9,0,0,9,9,0,0,0,1,10,9,17,0,0,1,0,1,5,0,0,0,0,1,0,2,2,3,7,3,2,0,0,0,0,0,5,15,0,0,0,0,0,0,0,0,1,0,0,0,0,0,0,0,0,1,0,0,6,0,0,0,0,0,3,1,0,0,0,0,0,0,12
D31032.M.100.T.F,9,2,0,7,2,0,0,0,5,125,0,0,21,1,3,2,1,0,1,2,0,0,0,0,0,10,8,2,9,0,0,10,5,0,0,0,1,21,6,7,0,0,0,6,4,6,2,0,1,0,5,0,2,13,0,7,1,2,0,0,0,0,0,9,3,0,0,0,0,0,0,0,0,2,0,0,0,1,0,0,0,0,0,1,1,7,0,0,0,0,1,3,2,0,0,0,0,0,0,18
D30053.M.100.T.E,7,5,0,5,2,0,0,0,5,102,1,0,26,0,7,9,1,1,8,0,0,0,0,0,0,26,4,1,5,0,0,9,8,1,0,0,2,10,10,24,0,0,2,2,1,2,0,0,0,0,1,0,3,5,4,0,1,2,0,0,0,0,0,7,4,0,0,0,0,0,0,0,0,0,0,0,0,0,0,0,0,0,1,0,0,8,1,0,0,0,0,1,1,0,0,0,0,0,0,12
D30051.M.100.T.D,5,2,1,4,0,0,0,0,12,96,2,0,56,1,2,4,0,1,13,0,0,0,0,0,0,21,7,1,6,0,0,11,9,0,0,0,1,10,16,12,2,0,0,0,0,1,0,0,0,0,2,0,2,5,3,7,0,2,0,1,0,1,1,5,4,1,0,0,0,0,0,0,0,0,0,0,0,0,0,0,0,0,0,0,2,12,0,0,0,0,0,2,3,0,0,0,0,0,0,19
D30059.M.100.T.F,9,3,0,5,3,1,0,0,1,111,2,0,36,0,3,5,3,0,0,0,0,0,0,0,0,11,6,2,4,0,0,10,8,1,0,0,0,21,5,8,0,0,3,4,3,3,0,0,0,0,2,0,2,10,0,6,2,1,0,0,0,0,0,9,4,0,0,0,0,0,0,0,0,0,0,0,0,0,0,0,0,0,0,0,1,8,0,0,1,0,0,2,0,0,0,0,0,0,0,12
D30047.M.100.T.C,7,6,0,4,2,1,0,0,0,116,3,1,43,1,0,4,5,2,5,2,0,0,2,0,0,21,0,2,20,0,0,9,9,1,0,0,0,26,5,8,0,0,0,1,0,6,0,0,0,0,8,0,6,6,1,2,0,1,0,0,0,0,0,7,2,0,0,0,0,0,0,0,0,0,0,0,0,0,0,0,0,0,0,0,0,7,1,0,0,0,0,0,0,0,0,0,0,0,0,8
D30033.M.100.T.A,8,5,0,6,2,0,0,0,1,119,2,0,34,2,0,4,11,0,2,0,0,0,0,0,0,19,2,6,13,1,0,15,8,1,0,0,1,16,9,8,0,0,1,2,0,3,0,0,0,0,1,0,2,9,2,2,0,0,2,0,0,0,0,8,10,0,0,0,0,0,0,0,0,0,0,0,0,0,0,0,0,1,0,0,0,8,0,0,0,0,1,1,1,0,0,0,0,0,0,12
D31050.M.100.T.G,6,4,1,3,1,1,0,0,3,118,4,0,10,2,3,6,2,5,0,6,0,0,0,0,0,24,6,6,8,0,0,11,5,1,0,0,0,12,9,17,0,0,2,0,0,3,0,0,1,0,5,0,2,9,7,3,0,1,0,0,0,0,1,6,7,1,0,0,0,1,1,0,0,1,1,0,0,0,0,0,0,0,0,0,0,7,0,0,0,0,1,3,4,0,0,0,0,0,0,17
D30044.M.100.T.G,8,4,0,7,0,1,0,0,0,114,1,0,30,0,3,9,1,5,7,0,0,0,0,0,0,25,4,1,9,0,0,13,8,0,0,0,0,10,7,18,4,0,0,2,2,3,0,0,0,0,2,0,2,2,3,3,3,6,0,0,0,1,0,8,4,0,0,0,0,0,0,0,0,0,1,0,0,0,0,0,0,0,0,0,0,6,1,0,0,0,0,4,1,0,0,0,0,0,0,13
D30011.M.100.T.F,7,4,0,3,3,1,0,0,3,104,5,0,36,0,8,1,2,1,4,3,0,0,0,0,0,19,6,1,9,0,0,10,10,0,0,0,0,17,8,13,0,0,2,1,3,2,0,0,1,0,2,0,2,7,2,6,0,0,0,0,0,0,0,7,3,0,0,0,0,0,0,0,0,0,0,0,0,0,0,0,0,0,0,1,0,7,0,0,0,0,1,2,1,0,0,0,0,0,0,12
D30034.M.100.T.A,4,3,0,3,1,0,0,0,3,100,1,1,28,1,0,12,5,3,4,0,0,0,0,0,0,25,4,4,6,0,0,14,8,0,0,0,1,11,4,18,1,0,2,1,0,2,0,0,1,0,1,0,2,10,2,1,0,0,0,1,0,0,1,4,5,1,0,0,0,0,0,0,0,0,0,0,0,0,0,0,0,0,1,0,0,3,0,0,1,0,0,4,1,1,0,0,0,0,0,11
D31032.M.100.T.D,6,5,0,5,1,0,0,0,7,113,0,0,29,1,3,2,0,0,2,0,0,0,2,0,0,10,2,1,6,0,0,12,13,0,0,0,2,14,8,6,1,0,2,6,3,3,0,0,0,0,8,0,9,3,1,5,1,6,0,0,0,0,0,6,2,0,0,0,0,0,0,0,0,3,0,0,0,0,0,0,0,0,0,0,0,8,0,0,0,0,0,2,0,0,0,1,0,0,0,14
D30002.M.100.T.E,7,4,0,6,1,0,0,0,7,115,3,0,17,10,1,15,0,3,0,0,0,0,0,0,0,29,4,10,9,0,0,19,5,0,3,0,0,12,10,20,0,0,0,0,0,1,0,0,0,0,0,0,0,8,0,4,1,0,1,0,0,1,0,7,8,0,0,0,0,1,1,0,0,1,0,0,0,0,0,0,0,0,0,0,1,5,0,0,0,0,1,3,0,0,0,0,0,0,0,11
D31026.M.100.T.C,5,8,0,2,1,2,0,0,1,117,5,0,32,1,4,0,0,13,6,2,0,0,5,0,0,31,1,2,17,0,0,19,6,0,0,0,0,15,10,18,5,0,0,0,4,0,0,0,0,0,4,0,3,7,0,2,0,1,0,0,0,0,0,5,4,0,0,0,0,0,0,0,0,0,1,0,0,0,0,0,0,0,0,0,0,7,1,0,0,0,0,1,1,0,0,0,0,0,0,11
D30037.M.100.T.G,5,3,0,4,0,1,0,0,1,109,3,0,17,0,7,4,1,0,5,1,0,0,0,0,2,20,4,2,14,0,0,13,10,0,0,0,1,21,5,11,1,0,1,0,2,4,0,0,0,0,2,0,4,6,1,3,0,0,0,0,0,0,0,5,3,0,0,0,0,0,0,0,0,2,0,0,0,0,0,0,0,0,0,0,0,6,0,0,0,0,0,3,0,0,0,0,0,0,0,11
D30053.M.100.T.B,10,5,0,7,2,1,0,0,7,113,2,0,27,1,7,7,2,1,2,2,0,0,0,0,0,22,5,2,11,0,0,11,1,0,0,0,2,17,6,18,2,0,1,2,2,1,0,0,0,0,2,0,4,0,2,4,3,8,0,0,0,1,1,10,5,1,0,0,0,0,0,0,0,1,2,0,0,0,0,0,0,0,1,0,1,10,0,0,0,0,0,0,0,0,0,0,0,0,0,15
D30007.M.100.T.E,7,3,0,7,0,0,0,0,2,110,5,0,55,1,2,6,0,0,3,1,0,0,0,0,2,15,6,2,6,0,0,11,9,0,0,0,0,18,8,9,1,0,1,4,3,0,0,0,0,0,5,0,3,2,5,6,3,3,0,0,0,0,0,7,5,0,0,0,0,0,0,0,0,2,0,0,0,0,0,0,0,0,0,0,0,9,2,0,0,0,0,0,2,0,0,0,0,0,0,15
D30037.M.100.T.A,6,4,0,4,1,1,0,1,1,112,3,0,24,0,7,3,1,0,3,0,0,0,0,0,0,14,1,1,10,0,0,16,8,0,0,0,1,24,3,14,0,0,2,3,1,3,0,0,0,0,4,0,2,6,2,2,0,0,1,0,0,1,2,6,2,2,0,0,0,0,0,0,0,2,0,1,0,0,0,0,0,1,0,0,0,6,1,0,0,0,0,0,1,0,0,0,0,0,0,12
D30049.M.100.T.D,7,5,0,5,2,0,0,1,2,119,5,0,24,3,6,17,2,0,5,0,0,0,0,0,0,33,3,3,12,0,0,11,11,0,0,0,0,18,3,26,0,0,2,1,1,5,0,0,0,0,2,0,1,3,2,3,0,5,0,0,0,0,1,7,6,1,0,0,0,0,0,0,0,0,0,0,0,0,0,0,0,0,2,0,0,5,0,0,0,0,0,1,0,0,0,0,0,0,0,8
D31031.M.100.T.G,5,2,0,5,0,0,0,0,4,105,6,0,43,2,0,1,2,0,2,2,0,0,1,3,0,13,6,6,15,0,0,9,9,1,0,0,1,20,10,3,0,0,0,1,0,2,0,1,0,0,1,0,3,10,2,1,0,0,0,0,0,0,0,5,8,0,0,0,1,0,0,0,0,2,0,0,0,0,0,0,0,0,2,0,0,5,0,0,0,0,0,3,1,0,0,0,0,0,0,13
D30038.M.100.T.E,5,5,0,5,0,0,0,0,2,108,2,0,21,0,4,4,7,5,4,0,0,0,0,0,0,24,3,5,8,0,0,9,4,0,0,0,0,12,13,16,4,0,1,0,1,0,0,0,0,0,6,0,4,7,4,2,1,1,0,0,0,1,0,5,5,0,0,0,0,0,0,0,0,2,1,0,0,0,0,0,0,0,0,0,0,8,0,0,0,0,0,1,2,0,0,0,0,0,0,14
D30051.M.100.T.F,10,6,0,9,1,0,0,0,5,111,2,0,40,2,5,5,0,4,13,2,0,0,1,0,0,32,3,3,4,0,0,11,5,0,0,0,0,10,9,20,4,0,0,2,1,0,0,0,0,0,5,0,4,12,3,7,0,1,0,0,0,0,1,10,2,1,0,0,0,0,0,0,0,1,0,0,0,0,0,0,0,0,0,0,0,10,0,0,0,0,0,4,0,0,0,0,0,0,0,15
D31026.M.100.T.E,5,5,0,4,0,1,0,0,2,113,9,0,18,1,6,0,0,7,3,0,0,0,0,0,0,17,6,1,16,0,0,14,1,0,0,0,0,24,5,12,5,0,2,0,2,3,0,0,0,0,3,0,3,2,2,3,4,0,0,0,0,0,0,5,9,0,0,0,0,1,1,0,0,0,0,0,0,0,0,0,0,0,0,0,0,8,1,0,0,0,0,2,2,0,0,0,0,0,0,13
D30027.M.100.T.G,9,1,0,7,1,1,0,0,4,112,2,0,32,0,0,3,3,6,2,0,0,1,0,0,0,15,2,0,11,0,0,11,9,0,0,0,0,16,12,11,0,0,0,0,2,5,0,0,0,0,2,0,1,10,9,1,0,1,0,0,1,0,0,9,4,0,1,0,0,0,0,0,0,0,0,0,0,0,0,0,0,0,0,0,0,13,0,0,0,0,0,2,1,0,0,0,0,0,0,16
D30045.M.100.T.B,7,7,0,6,1,0,0,0,2,114,2,0,17,1,0,0,1,9,0,0,0,0,0,0,0,11,4,2,10,0,0,13,5,0,1,0,5,21,14,10,0,0,2,0,1,1,0,0,2,0,0,0,5,1,1,0,6,2,1,0,0,0,0,7,4,0,0,0,0,0,0,0,0,4,0,0,0,0,0,0,0,1,1,0,0,7,0,0,0,0,0,0,0,0,0,0,0,0,0,13
D31013.M.100.T.C,7,3,0,6,1,0,0,0,2,111,3,0,57,0,8,2,0,1,2,1,0,0,0,0,0,14,0,0,10,0,0,16,8,0,0,0,2,17,3,14,0,0,1,2,1,4,0,0,0,0,2,0,2,4,3,8,2,4,0,2,0,0,0,7,4,0,0,0,0,0,0,0,0,4,1,0,0,0,0,0,1,0,0,0,0,4,0,0,0,0,1,2,0,0,0,0,0,0,0,13
D30031.M.100.T.A,4,3,0,4,0,0,0,0,1,117,2,0,34,4,0,3,9,3,1,2,0,0,1,0,0,23,2,7,15,0,0,14,9,0,0,0,0,20,8,10,0,0,2,0,1,1,0,0,1,0,4,0,4,4,5,4,0,1,0,0,0,0,0,4,4,0,0,0,0,0,0,0,0,2,0,1,0,0,0,0,0,0,0,0,1,6,1,0,0,0,0,0,0,0,0,0,0,0,0,11
D31009.M.100.T.B,6,5,0,6,0,0,0,0,4,110,5,0,46,1,7,2,0,6,0,0,0,0,0,0,0,16,1,1,13,0,0,11,12,0,0,0,1,15,3,18,0,0,2,2,0,1,0,0,0,0,8,0,7,7,3,4,0,0,1,0,0,0,0,6,3,0,0,0,0,0,0,0,0,0,1,1,0,0,0,0,0,0,0,0,0,7,1,0,0,0,0,1,0,0,0,0,0,0,0,11
D30020.M.100.T.A,5,3,0,5,0,0,0,0,1,117,1,0,51,3,0,7,8,0,3,0,0,0,0,0,0,21,6,5,8,2,0,15,6,0,0,0,4,10,12,14,1,0,1,1,1,3,0,0,1,0,0,0,4,9,1,4,0,0,0,1,0,0,0,5,5,0,0,0,0,0,0,0,0,1,0,0,0,0,0,0,0,0,0,0,1,9,0,0,0,0,0,2,1,0,0,0,0,0,0,14
D30051.M.100.T.H,5,2,0,5,0,0,0,0,6,114,2,0,24,2,5,5,0,2,9,0,0,0,1,0,0,24,3,2,9,0,0,9,10,0,0,0,0,13,12,16,0,0,1,1,0,3,0,0,0,0,1,0,0,4,1,7,3,3,0,0,0,3,1,5,14,1,0,0,0,0,0,0,0,0,0,0,0,0,0,0,0,0,0,0,3,8,0,0,0,0,1,1,1,0,0,0,0,0,0,14
D31022.M.100.T.G,9,3,0,4,4,1,0,0,3,120,3,0,14,10,0,2,1,0,1,2,0,0,1,0,0,17,8,10,9,1,0,13,6,0,2,0,0,13,11,3,0,0,1,1,1,2,0,0,0,0,0,0,0,13,2,10,2,1,0,0,0,1,0,9,7,0,0,0,0,0,0,0,0,2,1,0,0,0,0,0,0,0,1,0,2,8,0,0,0,0,1,5,2,0,0,0,0,0,0,22
D30040.M.100.T.H,5,3,0,4,0,1,0,0,2,108,1,0,30,1,1,11,1,0,4,1,0,0,0,0,0,19,5,1,10,0,0,12,8,0,0,0,1,15,8,13,1,0,2,0,1,5,0,0,0,0,1,0,2,6,3,5,1,0,1,0,0,0,0,5,5,0,0,0,0,0,0,0,0,0,0,1,1,0,0,0,0,0,0,0,1,6,0,0,0,0,0,2,0,0,0,0,0,0,0,11
D30005.M.100.T.G,6,4,0,4,2,0,0,0,2,111,4,0,29,0,4,11,0,1,2,0,0,0,0,0,0,18,3,0,15,0,0,12,5,1,0,0,0,17,6,15,0,0,0,3,0,0,0,0,0,0,2,0,2,12,3,7,0,0,0,1,0,1,0,6,3,0,3,0,0,0,0,0,0,2,0,1,1,0,0,0,0,0,0,0,0,9,0,0,0,0,0,1,0,0,0,0,0,0,0,14
D30003.M.100.T.A,8,4,0,6,1,1,0,0,9,104,4,0,45,0,4,4,6,0,9,1,0,0,0,0,0,24,3,4,9,0,0,15,12,0,0,0,0,15,7,10,1,0,1,4,0,4,0,0,0,0,3,0,1,10,2,3,0,0,0,0,0,0,0,8,5,0,0,0,0,0,0,0,0,2,0,0,0,0,0,0,0,0,1,0,1,9,1,0,0,0,1,0,0,0,0,0,0,0,0,15
D30003.M.100.T.C,6,2,0,4,2,0,0,0,8,102,2,0,76,1,7,6,2,0,4,0,0,0,0,0,0,20,1,1,11,0,0,20,9,0,0,0,0,19,6,13,0,0,2,1,1,1,0,0,0,0,2,0,1,2,2,4,1,6,0,0,0,0,0,6,3,0,0,0,0,0,0,0,0,2,1,0,0,0,0,0,0,0,0,0,0,4,1,0,0,0,0,1,0,0,0,0,0,0,0,9
D30007.M.100.T.A,4,3,1,3,0,0,0,0,4,110,2,0,20,0,3,6,2,0,4,1,0,0,1,0,0,17,5,1,9,0,0,14,11,0,0,0,1,10,11,12,1,0,1,2,1,5,0,0,0,0,4,0,3,7,0,4,0,0,0,1,0,0,0,4,9,0,0,0,0,0,0,0,0,0,1,0,0,0,0,0,0,0,0,0,1,6,1,0,0,0,0,0,0,0,0,0,0,0,0,9
D30042.M.100.T.B,9,7,0,5,2,2,0,0,0,120,5,0,24,1,5,11,1,3,3,0,0,0,0,0,0,24,5,2,9,0,0,10,5,0,0,0,1,13,10,22,0,0,1,1,0,1,0,0,0,0,10,0,7,0,3,6,2,7,0,0,0,0,0,9,1,0,0,0,0,0,0,0,0,1,0,0,0,0,0,0,1,0,0,0,1,10,0,0,0,0,1,2,1,0,0,0,0,0,0,17
D30008.M.100.T.B,9,5,0,7,2,0,0,0,1,107,3,0,22,0,5,3,0,4,7,0,0,0,0,0,0,19,3,0,2,0,0,9,15,0,0,0,3,19,9,13,0,0,4,0,1,1,0,0,0,0,6,0,8,0,2,1,2,2,0,0,0,0,0,9,0,0,2,0,0,0,0,0,0,0,0,0,0,0,0,0,0,0,0,0,0,8,2,0,0,0,1,0,0,0,0,0,0,0,0,11
D31043.M.100.T.D,5,4,0,5,0,0,0,0,5,104,4,0,43,2,4,5,0,2,5,0,0,0,1,0,0,19,2,2,14,0,0,9,11,0,0,0,0,22,1,15,0,0,2,1,0,2,0,0,1,0,5,0,5,2,0,5,0,3,0,0,0,0,0,5,6,0,0,0,0,0,0,0,0,0,0,0,0,0,0,0,0,0,0,0,0,7,0,0,0,0,0,0,0,0,0,0,0,0,0,7
D30001.M.100.T.C,4,3,0,4,0,0,0,1,3,100,1,0,29,1,11,2,1,2,1,1,0,0,0,0,0,19,2,1,9,0,0,15,4,0,0,0,1,18,5,21,0,0,0,3,1,1,0,0,0,0,3,0,3,3,4,4,1,1,0,0,0,0,0,4,1,0,0,0,0,0,0,0,0,0,1,0,0,0,0,0,1,0,0,0,0,7,1,0,0,0,0,0,0,0,0,0,0,0,0,10
D31022.M.100.T.C,6,3,0,5,1,0,0,1,3,113,1,0,17,5,0,9,1,0,0,3,0,0,1,0,0,19,2,6,11,0,0,13,6,0,4,0,0,16,9,10,0,0,2,0,0,2,0,0,0,0,2,0,2,8,3,4,1,1,1,0,0,0,0,6,9,0,0,0,0,0,0,0,0,0,1,0,1,0,0,0,0,0,0,0,0,9,0,0,0,0,0,1,1,0,0,0,0,0,0,13
D30055.M.100.T.H,4,4,0,4,0,0,0,0,2,115,2,0,26,2,4,3,3,6,0,2,0,0,0,0,0,20,1,5,12,0,0,15,10,0,0,0,1,20,3,15,0,0,2,1,0,1,0,0,0,0,2,0,2,6,4,3,0,0,1,0,0,1,0,4,6,0,2,0,0,1,1,0,0,0,1,0,0,0,0,0,0,0,1,0,0,8,0,0,0,0,0,0,1,0,0,0,0,0,0,11
D30008.M.100.T.D,5,4,0,4,1,0,0,0,2,106,2,0,17,0,3,6,0,6,1,0,0,0,1,0,0,17,5,0,10,0,0,15,8,0,1,0,1,13,8,17,1,0,1,1,1,4,0,0,0,0,0,0,1,1,2,7,2,1,0,0,0,0,0,5,5,0,0,0,0,0,0,0,0,0,0,0,0,0,0,0,0,0,0,0,0,8,0,0,0,0,0,0,1,0,0,0,0,0,0,9
D30029.M.100.T.C,6,4,0,5,0,1,0,0,4,114,2,0,29,6,2,3,0,4,1,0,0,0,0,0,0,16,4,6,11,0,0,13,4,0,0,0,0,14,10,9,0,0,1,0,1,2,0,0,2,0,3,0,4,10,3,8,0,1,1,1,0,0,0,6,6,0,0,0,0,0,0,0,0,2,0,0,0,0,0,0,0,0,0,0,0,9,0,0,0,0,0,1,2,0,0,0,0,0,0,14
D30008.M.100.T.A,4,5,0,4,0,0,0,0,1,107,4,0,27,0,0,7,5,3,1,0,0,0,0,0,0,16,6,2,10,0,0,16,9,0,0,0,0,15,6,15,1,0,1,0,1,4,0,0,0,0,1,0,0,10,1,4,0,0,0,1,0,1,0,4,2,0,0,0,0,1,1,0,0,1,1,0,0,0,0,0,0,0,1,0,0,5,0,0,0,0,1,4,0,0,0,0,0,0,0,13
D30027.M.100.T.C,6,4,1,5,0,0,0,1,5,111,1,0,16,0,2,5,2,4,0,3,0,0,0,0,0,16,3,1,11,0,0,11,5,0,1,0,2,16,7,15,0,0,0,0,2,5,0,0,1,0,5,0,7,9,0,7,1,0,0,0,0,0,0,6,3,0,0,0,0,0,0,0,0,1,2,1,0,0,0,0,0,0,0,1,0,5,0,0,0,0,1,3,0,0,0,0,0,0,0,14
D30011.M.100.T.B,12,5,0,8,2,2,0,0,4,112,3,1,28,0,13,1,1,2,0,1,0,0,0,0,0,18,4,0,1,0,0,8,6,0,0,0,2,18,13,16,0,0,4,1,2,5,0,0,0,0,1,0,3,3,1,3,4,7,0,1,0,0,0,12,4,0,1,0,0,0,0,0,0,3,0,1,0,0,0,0,0,0,0,0,0,12,0,0,0,0,0,2,0,0,0,0,0,0,0,18
D30027.M.100.T.E,7,4,0,7,0,0,0,0,7,101,2,1,15,0,0,10,0,6,0,2,0,0,0,0,0,18,4,1,3,0,0,8,8,0,0,0,1,15,9,15,0,0,1,1,1,2,1,0,1,0,2,0,5,0,8,2,3,6,0,0,0,1,0,7,6,0,0,0,0,0,0,0,0,2,0,1,0,0,0,0,0,0,0,0,0,7,0,0,0,0,1,2,1,0,0,1,0,0,0,15
D30047.M.100.T.B,8,7,0,3,4,1,0,0,1,117,6,0,54,3,0,4,2,4,2,2,0,0,2,0,0,19,2,5,14,0,0,14,7,0,0,0,1,25,6,13,0,0,2,4,0,3,0,0,0,0,4,0,4,8,1,3,0,0,0,0,0,0,0,8,0,0,0,0,0,0,0,0,0,0,1,0,0,0,0,0,0,0,0,0,0,6,1,0,0,0,0,2,0,0,0,0,0,0,1,11
D30049.M.100.T.B,9,5,0,5,3,1,0,0,5,116,5,0,30,1,0,14,0,0,3,0,0,0,0,0,0,18,4,1,13,0,0,12,10,0,1,0,2,21,8,18,0,0,0,3,0,1,0,0,0,0,4,0,5,0,2,0,2,7,0,0,0,0,0,9,3,0,0,0,0,0,0,0,0,2,1,0,0,0,0,0,0,1,0,0,0,7,1,0,0,0,0,2,0,0,0,0,0,0,0,14
D30024.M.100.T.A,5,6,0,5,0,0,0,0,1,110,1,0,24,1,11,0,1,4,4,0,0,0,0,0,0,21,3,2,10,0,0,14,4,0,0,0,0,9,5,20,2,0,1,2,4,3,0,0,1,0,3,0,3,10,3,1,0,1,0,0,0,1,0,5,5,0,0,0,0,0,0,0,0,2,0,1,0,0,0,0,0,0,0,0,1,6,0,0,0,0,0,1,0,0,0,0,0,0,0,11
D30038.M.100.T.A,6,5,0,6,0,0,0,0,2,108,3,0,19,1,4,3,5,10,3,0,0,0,0,4,2,32,1,6,10,0,0,14,5,0,0,0,1,11,10,22,1,0,0,0,1,2,0,0,0,0,2,0,3,9,2,1,0,0,0,0,0,0,1,6,0,1,0,0,2,1,1,0,0,3,0,0,0,0,0,0,0,0,0,0,0,7,0,0,0,0,0,1,1,0,0,0,0,0,0,12
D30056.M.100.T.H,6,5,0,4,1,1,0,0,1,121,0,0,19,2,5,4,3,2,3,0,0,0,0,0,0,19,1,2,16,0,0,13,6,0,0,0,0,19,7,14,0,0,2,2,1,1,0,0,0,0,2,0,1,9,1,6,0,2,1,0,0,0,0,6,8,0,2,0,0,0,0,0,0,1,0,0,0,0,0,0,0,0,2,0,0,9,1,0,0,0,0,0,1,0,0,0,0,0,0,14
D30036.M.100.T.F,7,3,0,5,0,2,0,0,1,116,7,1,37,1,4,4,8,0,6,0,0,0,1,0,0,24,3,4,13,0,0,12,10,0,0,0,0,21,2,16,2,0,4,1,1,1,0,0,0,0,4,0,2,7,1,1,2,2,2,0,0,0,1,7,5,1,0,0,0,0,0,0,0,2,0,0,0,0,0,0,0,0,1,0,0,9,0,0,0,0,0,0,1,0,0,0,0,0,0,13
D30056.M.100.T.G,7,4,0,5,2,0,0,0,4,108,0,0,36,1,0,3,0,5,7,2,0,1,0,0,0,19,7,2,12,0,0,8,10,0,0,0,0,16,9,9,1,0,0,0,2,5,0,0,0,0,2,0,2,8,1,3,3,0,0,0,0,0,0,7,5,0,0,0,0,0,0,0,0,0,0,0,0,0,0,0,0,0,0,0,1,6,0,0,0,0,1,2,1,0,0,0,0,0,0,11
D30026.M.100.T.A,5,4,0,4,0,1,0,0,1,105,2,0,41,1,0,1,2,18,1,0,0,0,0,0,0,23,4,2,7,0,0,11,9,0,0,0,2,14,2,19,2,0,3,1,1,1,0,0,0,0,3,0,6,6,2,2,0,0,0,0,0,0,0,5,4,0,0,0,0,1,1,0,0,2,0,1,0,0,0,0,0,0,0,0,0,7,0,0,0,0,0,2,1,0,0,0,0,0,0,13
D30020.M.100.T.D,8,4,0,5,1,2,0,0,1,114,5,0,36,2,0,6,2,0,7,0,1,0,0,0,0,18,3,3,14,0,0,10,9,2,0,0,0,15,10,10,4,0,3,1,2,3,1,0,0,0,3,0,3,9,3,0,0,0,0,0,0,0,1,8,2,1,0,0,0,0,0,0,0,0,0,0,0,0,0,0,0,0,1,0,1,9,2,0,0,0,0,0,0,0,0,0,0,0,0,13
D31026.M.100.T.H,5,6,0,5,0,0,0,0,3,124,6,3,38,5,12,0,6,5,2,3,0,0,2,0,0,35,1,7,18,0,0,17,10,0,1,0,0,21,2,18,5,0,2,0,0,1,0,0,0,0,1,0,1,6,2,3,2,1,0,3,0,0,0,5,9,0,0,0,0,0,0,0,0,1,0,0,0,0,0,0,0,0,0,0,0,10,0,0,0,0,0,0,4,0,0,0,0,0,0,15
D30006.M.100.T.A,7,4,0,4,3,0,0,0,2,115,5,1,38,1,0,0,10,4,0,4,0,0,0,3,2,24,0,10,18,0,0,15,10,0,1,0,0,14,10,8,0,0,0,2,1,3,0,0,0,0,3,0,3,9,3,2,0,0,1,0,0,0,0,7,2,0,0,0,1,0,0,0,0,0,0,0,1,0,0,0,0,0,0,0,0,9,0,0,0,0,0,0,0,0,0,0,0,0,0,10
D31001.M.100.T.E,7,5,0,6,0,1,0,0,4,121,3,0,23,1,2,2,0,5,0,5,0,0,0,0,0,15,4,2,13,0,0,12,5,0,1,0,0,17,8,9,0,0,2,3,2,3,0,0,0,0,6,0,5,1,3,6,3,9,0,1,0,0,0,7,5,0,1,0,0,0,0,0,0,0,0,0,0,0,0,0,1,0,1,1,0,10,1,0,0,0,0,0,1,0,0,0,0,0,0,15
D31043.M.100.T.F,7,6,0,7,0,0,0,0,1,116,1,0,30,0,11,2,0,5,3,4,0,0,0,0,0,25,5,1,13,0,0,7,5,0,0,0,0,18,3,25,0,0,2,0,1,1,0,0,0,0,3,0,3,8,1,4,0,2,0,2,0,0,0,7,7,0,0,0,0,0,0,0,0,0,0,0,1,0,0,0,0,0,0,0,0,8,0,0,0,0,0,2,0,0,0,0,0,0,0,11
D30008.M.100.T.G,6,1,1,4,0,1,0,0,2,117,4,0,87,1,1,5,2,0,4,0,0,0,0,0,0,13,6,1,15,0,0,14,19,0,0,0,2,18,11,8,1,0,2,1,0,2,0,0,0,0,0,0,2,0,2,1,2,4,0,1,0,0,0,6,5,0,0,0,0,0,0,0,0,0,1,0,0,0,0,0,0,0,0,0,0,7,0,0,0,0,0,0,1,0,0,0,0,0,0,9
D31033.M.100.T.E,6,4,0,4,2,0,0,0,1,110,0,0,74,1,2,0,2,7,4,0,0,0,0,0,0,16,5,2,13,0,0,11,11,0,0,0,1,17,5,15,0,0,3,0,1,3,0,0,0,0,2,0,2,1,5,1,2,3,0,0,0,0,0,6,2,0,0,0,0,0,0,0,0,0,0,0,0,0,0,0,0,0,1,0,1,6,0,0,0,0,0,1,1,0,0,0,0,0,0,10
D30055.M.100.T.E,7,5,0,6,1,0,0,0,1,111,4,0,50,2,6,3,3,5,0,3,0,0,0,0,0,22,3,4,11,0,0,15,6,0,1,0,1,19,3,16,0,0,2,0,1,3,0,0,0,0,5,0,5,4,1,3,0,3,0,1,0,0,0,7,1,0,1,0,0,0,0,0,0,0,0,0,0,0,0,0,0,0,0,0,0,8,1,0,0,0,0,1,0,0,0,0,0,0,0,10
D30034.M.100.T.D,7,5,0,5,0,2,0,0,3,115,2,1,45,0,3,18,4,2,4,0,0,0,0,0,0,31,6,2,10,0,0,13,9,0,0,0,0,14,4,25,0,0,1,2,1,3,0,0,0,0,2,0,2,2,2,4,2,6,0,0,0,0,0,7,4,0,0,0,0,0,0,0,0,0,0,0,0,0,0,0,0,0,2,0,0,1,0,0,0,0,0,7,0,0,0,0,0,0,0,10
D30037.M.100.T.H,3,2,0,3,0,0,0,1,1,113,3,0,39,0,4,4,3,0,8,0,0,0,0,0,0,19,3,3,13,0,0,17,13,1,0,0,0,23,5,10,1,0,0,1,1,2,0,0,0,0,3,0,2,4,0,1,0,2,1,0,0,0,2,3,5,2,0,0,0,0,0,0,0,0,0,0,1,0,0,0,0,0,0,0,0,5,0,0,0,0,0,0,1,0,0,0,0,0,0,7
D30056.M.100.T.E,8,4,0,8,0,0,0,0,5,114,2,0,29,4,0,4,0,3,7,0,0,0,0,0,0,18,1,4,14,0,0,11,8,0,0,0,0,10,12,8,1,0,1,2,0,4,1,0,1,0,0,0,0,8,5,8,3,2,0,1,1,0,0,8,7,0,0,0,0,0,0,0,0,1,1,0,0,0,0,0,0,0,0,0,0,7,0,0,0,0,2,2,1,0,0,0,0,0,0,14
D31032.M.100.T.E,7,2,0,3,2,2,0,0,3,116,1,1,48,1,3,4,2,0,1,2,0,0,0,0,0,13,3,3,9,0,0,12,8,0,0,0,0,21,6,8,0,0,2,5,6,5,0,0,0,0,5,0,3,4,1,5,1,5,0,0,0,1,0,7,1,0,0,0,0,0,0,0,0,0,1,0,0,0,0,0,0,0,0,0,0,8,1,0,0,0,0,3,0,0,0,0,0,0,0,13
D30050.M.100.T.H,5,5,0,4,0,1,0,0,2,104,3,0,17,1,2,0,2,3,4,0,0,0,0,0,0,12,3,2,11,0,0,11,9,1,1,0,2,10,7,10,3,0,0,3,3,1,0,0,1,0,4,0,4,6,2,2,0,0,0,0,0,1,0,5,7,0,0,0,0,0,0,0,0,2,0,0,0,0,0,0,0,0,1,0,2,6,0,0,0,0,0,0,1,0,0,0,0,0,0,12
D30044.M.100.T.D,6,6,0,5,1,0,0,0,6,115,1,1,28,1,5,11,1,5,4,0,0,0,0,0,0,27,5,2,10,0,0,15,6,0,1,0,0,12,3,21,2,0,1,1,0,2,0,0,0,0,5,0,3,5,2,7,2,6,0,0,0,0,0,6,4,0,0,0,0,1,1,0,0,1,1,0,0,0,0,0,0,0,0,0,1,8,0,0,0,0,0,3,0,0,0,0,0,0,0,14
D30033.M.100.T.G,6,3,0,6,0,0,0,0,0,116,7,0,31,1,0,4,3,3,2,1,0,1,0,0,0,15,2,3,17,0,0,8,12,0,0,0,2,20,5,7,0,0,0,0,0,4,0,0,0,0,1,0,2,8,5,1,0,1,1,1,0,1,0,6,14,0,2,0,0,0,0,0,0,0,0,2,0,0,0,0,0,0,0,0,0,6,0,0,1,0,3,2,3,0,0,0,0,0,0,17
D30002.M.100.T.C,5,5,0,5,0,0,0,0,3,107,4,0,25,2,7,4,0,2,2,2,0,0,0,0,0,19,4,3,10,0,0,8,4,0,0,0,0,16,7,21,0,0,0,0,1,2,0,0,2,0,6,0,2,7,3,4,0,0,1,0,0,1,0,5,7,0,0,0,0,0,0,0,0,0,0,0,1,0,0,0,0,0,0,0,0,10,0,0,0,0,0,0,1,0,0,0,0,0,0,12
D30022.M.100.T.C,7,5,0,6,0,1,0,0,4,112,2,0,30,0,10,4,0,1,0,2,0,0,0,0,0,17,2,1,9,0,0,8,10,0,0,0,0,12,7,16,0,0,0,2,1,1,0,0,1,0,7,0,8,6,6,6,1,2,0,0,0,0,0,7,5,0,0,0,0,0,0,0,0,2,0,2,0,0,0,0,0,0,0,0,1,7,1,0,0,0,0,1,1,0,0,0,0,0,0,15
D30044.M.100.T.C,5,6,0,5,0,0,0,0,1,104,0,0,50,0,5,12,1,0,4,1,0,0,0,0,0,23,0,0,9,0,0,17,7,0,0,0,0,18,3,20,0,0,2,0,0,0,0,0,1,0,4,0,3,5,2,3,0,0,0,0,0,0,0,5,6,0,0,0,0,0,0,0,0,0,0,0,0,0,0,0,0,0,0,0,0,5,0,0,0,0,0,1,1,0,0,0,0,0,0,7
D31050.M.100.T.F,7,4,0,6,0,1,0,0,4,99,6,0,33,0,1,5,0,3,2,0,0,0,0,0,0,11,3,0,7,0,0,8,9,0,0,0,0,17,13,9,0,0,2,4,0,2,0,0,1,0,4,0,3,4,3,6,1,5,0,0,0,0,0,7,1,0,0,0,0,0,0,0,0,2,0,0,0,0,0,0,0,0,0,0,1,8,2,0,0,0,0,1,0,0,0,0,0,0,0,14
D30005.M.100.T.B,10,3,0,8,2,0,0,0,3,119,7,0,18,2,14,10,3,3,5,0,0,0,0,0,0,37,2,3,9,1,0,15,6,0,0,0,0,20,7,29,0,0,0,0,1,1,0,0,0,0,4,0,3,1,3,3,0,8,0,0,0,0,0,10,2,1,0,0,0,0,0,0,0,2,0,0,0,0,0,0,0,0,0,0,0,11,0,0,0,0,1,2,1,0,0,0,0,0,0,17
D30005.M.100.T.C,4,4,0,4,0,0,0,0,6,102,0,0,45,0,10,6,0,1,1,0,0,0,0,0,0,18,4,0,12,0,0,16,5,0,0,0,0,12,8,18,0,0,0,1,0,6,1,0,0,0,2,0,2,2,1,7,0,4,0,0,0,0,0,4,3,0,0,0,0,0,0,0,0,1,0,1,0,0,0,0,0,0,0,0,0,6,0,0,0,0,0,1,1,0,0,0,0,0,0,10
D30033.M.100.T.D,9,4,0,5,2,2,0,0,2,123,3,0,31,1,0,9,5,3,4,0,0,0,0,0,2,24,6,5,10,0,0,9,11,0,0,0,1,15,7,17,0,0,0,2,1,2,0,0,0,0,3,0,2,3,3,3,3,5,0,0,0,0,1,9,9,1,0,0,0,0,0,0,0,3,0,0,0,0,0,0,0,0,1,0,0,8,0,0,0,0,0,1,0,0,0,0,0,0,0,13
D31001.M.100.T.G,8,2,0,6,2,0,0,1,4,109,2,0,26,0,2,0,2,9,0,2,0,0,0,0,0,15,4,2,13,0,0,9,8,0,0,0,1,22,6,9,0,0,2,0,0,0,0,0,0,0,3,0,4,9,3,6,0,0,0,1,0,0,0,8,5,0,1,0,0,0,0,0,0,0,0,0,0,0,0,0,0,0,0,0,1,5,0,0,0,0,3,5,1,0,0,0,0,0,0,15
D30042.M.100.T.D,5,10,0,5,0,0,0,0,2,118,7,0,41,3,6,16,0,4,4,0,0,0,1,0,0,34,5,3,14,0,0,14,6,0,0,0,0,11,3,28,1,0,0,1,1,1,0,0,1,0,4,0,4,1,2,5,2,6,0,0,0,0,0,5,9,0,0,0,0,0,0,0,0,1,0,0,0,0,0,0,0,0,0,0,1,4,0,0,0,0,0,2,2,0,0,0,0,0,0,10
D31009.M.100.T.F,8,5,0,5,1,2,0,0,2,116,4,0,27,1,13,1,2,2,1,1,0,0,0,0,0,21,7,2,6,0,0,7,12,0,0,0,2,14,4,20,0,0,3,2,0,3,0,0,3,0,4,0,5,11,1,3,1,1,1,0,0,0,0,8,2,0,0,0,0,0,0,0,0,0,0,0,0,0,0,0,0,0,1,0,0,7,1,0,0,0,1,3,0,0,0,0,0,0,0,13
D31009.M.100.T.G,6,2,0,6,0,0,0,0,6,106,8,0,35,0,2,0,1,5,1,6,0,0,0,0,0,15,4,1,12,0,0,9,13,1,0,0,3,16,7,7,0,0,0,4,0,3,0,0,1,0,7,0,8,5,1,3,1,1,1,0,0,1,0,6,5,0,0,0,0,0,0,0,0,2,0,0,0,0,0,0,0,0,0,1,0,5,1,0,0,0,0,3,0,0,0,0,0,0,0,12
D30045.M.100.T.E,6,5,0,6,0,0,0,0,1,113,3,0,24,0,0,2,0,8,0,0,0,0,0,0,0,10,6,0,10,0,0,10,9,1,2,0,3,16,14,10,0,0,1,1,0,1,1,0,0,0,3,0,6,1,4,2,6,1,1,0,0,0,0,6,2,0,0,0,0,0,0,0,0,1,0,0,0,0,0,0,0,1,0,0,0,5,1,0,0,0,0,3,0,0,0,0,0,0,0,11
D31050.M.100.T.H,4,8,1,3,0,0,0,0,4,116,1,0,24,2,10,2,0,8,2,3,0,0,0,0,0,27,7,3,6,0,0,11,6,0,0,0,2,10,12,20,0,0,1,2,0,3,0,0,0,0,4,0,4,4,1,5,1,1,1,0,0,0,0,4,13,0,0,0,0,0,0,0,0,1,1,0,0,0,0,0,0,0,1,0,0,3,0,0,0,0,1,3,0,0,0,0,0,0,0,10
D30048.M.100.T.H,5,2,0,5,0,0,0,0,3,113,2,0,24,0,0,8,0,4,0,0,0,0,1,6,0,19,1,4,14,0,0,11,9,0,1,0,0,21,4,12,0,0,5,0,0,5,0,0,0,0,3,0,3,3,2,5,1,3,0,0,0,0,0,5,4,0,0,0,2,0,0,0,0,1,0,0,0,0,0,0,0,0,0,0,0,8,0,0,0,0,0,0,0,0,0,0,0,0,0,9
D30046.M.100.T.C,5,4,0,5,0,0,0,0,3,99,3,0,32,0,6,0,0,6,0,0,0,0,0,3,0,15,1,2,9,0,0,14,8,0,0,0,1,13,7,15,0,0,1,1,1,1,0,0,0,0,2,0,3,8,1,4,1,1,0,2,0,0,0,5,4,0,0,0,0,0,0,0,0,1,2,2,0,0,0,0,0,0,0,0,0,6,0,0,0,0,0,0,0,0,0,0,0,0,0,11
D30036.M.100.T.D,8,2,0,3,1,3,1,0,1,109,6,2,26,2,4,1,5,0,7,6,0,0,1,0,0,26,3,4,10,0,0,10,12,0,0,0,1,13,4,13,0,0,1,1,0,7,0,0,1,0,3,0,3,2,1,8,1,6,0,0,0,0,1,8,4,1,0,0,0,0,0,0,0,0,0,0,0,0,0,0,0,0,0,0,0,7,1,0,0,0,1,1,0,0,0,0,0,0,0,10
D30047.M.100.T.H,5,2,0,3,1,0,1,0,0,116,4,2,61,0,4,2,2,4,3,2,0,0,1,0,0,18,3,0,15,0,0,11,13,0,0,0,2,24,4,10,0,0,0,0,1,1,0,0,0,0,6,0,5,3,2,6,0,2,1,0,0,0,1,5,5,1,1,0,0,0,0,0,0,0,0,0,0,0,0,0,0,0,0,0,0,7,0,0,0,0,0,0,2,0,0,0,0,0,0,9
D31008.M.100.T.H,5,3,0,5,0,0,0,0,8,102,3,0,27,4,3,2,0,3,1,0,0,0,0,0,0,13,4,4,8,0,0,11,8,0,0,0,1,11,15,8,0,0,0,0,1,3,0,0,0,0,5,0,4,5,1,5,4,3,1,1,0,0,0,5,5,0,0,0,0,0,0,0,0,1,0,0,0,0,0,0,0,0,0,0,1,7,1,0,0,0,0,1,1,0,1,0,0,0,0,13
D31032.M.100.T.G,9,4,0,6,2,1,0,0,2,126,3,1,32,0,1,2,1,0,3,0,0,0,2,0,0,9,4,0,7,0,0,7,10,1,0,0,2,16,4,7,1,0,1,10,5,6,0,0,0,0,6,0,9,8,2,4,0,3,0,0,0,0,1,9,8,1,0,0,0,0,0,0,0,3,0,0,0,0,0,0,0,0,1,0,1,9,1,0,0,0,1,1,1,0,1,0,0,0,0,19
D30002.M.100.T.A,6,2,0,4,0,2,0,1,2,119,2,0,20,4,5,7,8,3,1,0,0,0,0,0,0,28,5,8,9,0,0,10,7,0,0,0,0,12,9,21,0,1,1,1,0,3,0,0,0,0,4,0,3,10,2,0,0,0,1,0,0,0,1,6,9,1,0,0,0,0,0,0,0,0,0,0,0,0,0,0,0,0,0,0,1,9,1,0,0,0,0,0,1,0,0,0,0,0,0,12
D30040.M.100.T.E,6,4,0,3,3,0,0,0,4,104,5,0,29,2,1,9,2,0,7,0,0,0,3,0,0,24,2,2,13,0,0,10,12,0,1,0,1,18,5,12,2,0,1,2,0,2,0,0,1,0,2,0,4,7,1,2,1,0,0,0,0,2,0,6,4,0,0,0,0,0,0,0,0,0,2,0,0,0,0,0,0,0,0,0,1,7,0,0,0,0,0,0,0,0,0,0,0,0,0,10
D30059.M.100.T.G,8,5,0,5,3,0,0,0,1,127,2,0,40,1,3,5,4,0,2,0,0,0,0,0,0,15,6,2,10,0,0,11,9,0,0,0,1,18,8,8,1,0,0,3,4,6,0,0,0,0,0,0,1,9,1,9,0,1,0,0,0,0,0,8,14,0,0,0,0,0,0,0,0,2,0,0,0,0,0,0,0,0,0,0,1,8,0,0,0,0,0,2,1,0,0,0,0,0,0,14
D30006.M.100.T.B,9,4,0,7,1,1,0,0,4,119,4,0,18,1,2,0,0,5,0,2,0,0,1,0,0,11,3,2,8,0,0,13,3,0,1,0,4,18,15,9,0,0,1,0,0,5,2,0,0,0,2,0,7,0,0,8,3,7,1,0,0,0,0,9,6,0,0,0,0,0,0,0,0,2,0,0,0,0,0,0,1,0,0,0,0,10,0,0,0,0,1,1,0,0,0,0,0,0,0,15
D31031.M.100.T.H,5,3,0,5,0,0,0,0,2,116,4,0,45,0,0,1,3,3,1,0,0,0,0,6,0,14,5,5,13,0,0,11,8,1,0,0,1,27,6,3,0,0,0,1,0,5,0,0,0,0,4,0,3,4,3,3,0,1,0,0,0,0,0,5,11,0,0,0,2,0,0,0,0,0,0,1,0,0,0,0,0,0,0,0,0,6,1,0,0,0,0,1,1,0,0,0,0,0,0,10
D31038.M.100.T.E,8,3,0,7,1,0,0,0,4,107,3,0,26,1,3,10,0,3,1,0,0,0,0,0,0,18,5,1,10,1,0,18,6,0,0,0,0,12,11,16,0,0,0,4,0,0,0,0,0,0,0,0,0,2,4,4,4,7,0,1,0,0,0,8,0,0,0,0,0,0,0,0,0,1,0,0,0,0,0,0,1,0,0,0,0,8,0,0,0,0,0,2,1,0,0,0,0,0,0,13
D30015.M.100.T.A,7,6,0,6,1,0,0,0,1,112,0,0,22,1,5,4,4,4,4,0,0,0,0,0,0,22,6,3,9,0,0,11,3,0,0,0,0,11,11,16,1,0,0,1,3,2,0,0,0,0,4,0,3,14,1,3,0,0,0,0,0,0,1,7,2,1,0,0,0,0,0,0,0,3,0,0,0,0,0,0,1,0,0,0,0,5,0,0,0,0,0,6,1,1,0,0,1,0,0,18
D30048.M.100.T.C,6,5,0,6,0,0,0,0,2,113,2,0,50,0,0,5,0,1,4,0,0,0,0,0,0,10,1,0,16,1,0,17,9,0,1,0,2,18,11,6,0,0,1,1,2,2,0,0,0,0,3,0,4,5,2,4,0,3,0,0,0,0,0,6,2,0,0,0,0,0,0,0,0,1,1,0,0,0,0,0,0,0,0,0,0,7,1,0,1,0,1,1,2,0,0,0,0,0,0,15
D31022.M.100.T.F,10,2,0,9,1,0,0,0,5,120,2,0,19,8,0,2,2,2,1,2,3,0,1,0,0,21,3,11,12,0,0,11,9,0,1,0,1,21,9,5,0,0,0,2,0,1,0,0,1,0,3,0,2,10,1,8,0,1,0,0,0,0,0,10,5,0,0,0,0,0,0,0,0,0,0,1,0,0,0,0,0,0,1,0,1,11,0,0,0,0,0,1,0,0,0,0,0,0,0,15
D30028.M.100.T.G,6,5,0,5,1,0,0,0,4,109,3,0,39,2,0,16,3,0,6,0,0,0,0,0,0,27,6,4,8,0,0,11,9,0,0,0,1,10,7,17,0,0,2,1,1,7,0,0,0,0,1,0,3,11,2,0,0,0,0,0,0,0,0,6,7,0,2,0,0,0,0,0,0,1,0,0,1,0,0,0,0,0,0,0,0,7,0,0,0,0,0,3,1,1,0,0,0,0,0,14
